date,anomaly_type,metric,value,rolling_mean,rolling_std,z_score,percent_change,severity,reason
2025-01-12,shipping_delay_spike,shipping_delay_rate,0.0587,0.0523,0.0027,2.3389,0.122,low,"shipping_delay_rate value 0.0587 is above its rolling baseline (z=2.34, pct_change=12.20%)."
2025-01-13,revenue_drop,net_revenue,36361.73,43600.4317,6538.1975,-1.1071,-0.166,low,"net_revenue value 36361.7300 is below its rolling baseline (z=-1.11, pct_change=-16.60%)."
2025-01-16,revenue_drop,net_revenue,36533.89,43285.9,6505.0984,-1.038,-0.156,low,"net_revenue value 36533.8900 is below its rolling baseline (z=-1.04, pct_change=-15.60%)."
2025-01-20,revenue_drop,net_revenue,32182.47,42971.6707,5796.6974,-1.8613,-0.2511,low,"net_revenue value 32182.4700 is below its rolling baseline (z=-1.86, pct_change=-25.11%)."
2025-01-25,revenue_drop,net_revenue,36856.76,43503.6557,5827.6851,-1.1406,-0.1528,low,"net_revenue value 36856.7600 is below its rolling baseline (z=-1.14, pct_change=-15.28%)."
2025-01-28,checkout_failure_spike,checkout_failure_rate,0.0207,0.0182,0.0009,2.8008,0.136,medium,"checkout_failure_rate value 0.0207 is above its rolling baseline (z=2.80, pct_change=13.60%)."
2025-01-29,revenue_drop,net_revenue,36094.97,43065.575,5561.2282,-1.2534,-0.1619,low,"net_revenue value 36094.9700 is below its rolling baseline (z=-1.25, pct_change=-16.19%)."
2025-02-03,latency_spike,avg_api_latency_ms,213.64,205.6157,2.7281,2.9413,0.039,medium,"avg_api_latency_ms value 213.6400 is above its rolling baseline (z=2.94, pct_change=3.90%)."
2025-02-05,latency_spike,avg_api_latency_ms,214.73,206.6293,2.8039,2.8891,0.0392,medium,"avg_api_latency_ms value 214.7300 is above its rolling baseline (z=2.89, pct_change=3.92%)."
2025-02-09,support_ticket_spike,support_ticket_count,241.0,206.2143,11.4216,3.0456,0.1687,medium,"support_ticket_count value 241.0000 is above its rolling baseline (z=3.05, pct_change=16.87%)."
2025-02-10,revenue_drop,net_revenue,33602.53,46274.3593,6816.3087,-1.859,-0.2738,low,"net_revenue value 33602.5300 is below its rolling baseline (z=-1.86, pct_change=-27.38%)."
2025-02-10,support_ticket_spike,support_ticket_count,244.0,207.5714,14.0444,2.5938,0.1755,medium,"support_ticket_count value 244.0000 is above its rolling baseline (z=2.59, pct_change=17.55%)."
2025-02-17,revenue_drop,net_revenue,34381.33,47793.5193,7196.497,-1.8637,-0.2806,low,"net_revenue value 34381.3300 is below its rolling baseline (z=-1.86, pct_change=-28.06%)."
2025-02-18,revenue_drop,net_revenue,37923.28,47241.055,7875.9652,-1.1831,-0.1972,low,"net_revenue value 37923.2800 is below its rolling baseline (z=-1.18, pct_change=-19.72%)."
2025-02-20,shipping_delay_spike,shipping_delay_rate,0.0722,0.0545,0.0037,4.8032,0.3255,high,"shipping_delay_rate value 0.0722 is above its rolling baseline (z=4.80, pct_change=32.55%)."
2025-02-23,revenue_drop,net_revenue,40132.99,48247.9871,8280.9241,-0.98,-0.1682,low,"net_revenue value 40132.9900 is below its rolling baseline (z=-0.98, pct_change=-16.82%)."
2025-02-24,revenue_drop,net_revenue,38982.52,46835.5593,7846.8537,-1.0008,-0.1677,low,"net_revenue value 38982.5200 is below its rolling baseline (z=-1.00, pct_change=-16.77%)."
2025-02-25,revenue_drop,net_revenue,36002.54,47219.8443,7302.2173,-1.5362,-0.2376,low,"net_revenue value 36002.5400 is below its rolling baseline (z=-1.54, pct_change=-23.76%)."
2025-03-10,revenue_drop,net_revenue,39939.44,49756.7271,7758.9855,-1.2653,-0.1973,low,"net_revenue value 39939.4400 is below its rolling baseline (z=-1.27, pct_change=-19.73%)."
2025-03-13,latency_spike,avg_api_latency_ms,216.44,205.8614,4.1731,2.535,0.0514,medium,"avg_api_latency_ms value 216.4400 is above its rolling baseline (z=2.53, pct_change=5.14%)."
2025-03-17,revenue_drop,net_revenue,43669.21,52840.9493,8098.5511,-1.1325,-0.1736,low,"net_revenue value 43669.2100 is below its rolling baseline (z=-1.13, pct_change=-17.36%)."
2025-03-18,checkout_failure_spike,checkout_failure_rate,0.0995,0.0174,0.0011,77.6472,4.7114,high,"checkout_failure_rate value 0.0995 is above its rolling baseline (z=77.65, pct_change=471.14%)."
2025-03-18,latency_spike,avg_api_latency_ms,510.83,206.9643,4.7805,63.5637,1.4682,high,"avg_api_latency_ms value 510.8300 is above its rolling baseline (z=63.56, pct_change=146.82%)."
2025-03-18,revenue_drop,net_revenue,25906.11,52424.7136,8403.7467,-3.1556,-0.5058,medium,"net_revenue value 25906.1100 is below its rolling baseline (z=-3.16, pct_change=-50.58%)."
2025-03-18,support_ticket_spike,support_ticket_count,333.0,208.8571,19.2423,6.4516,0.5944,high,"support_ticket_count value 333.0000 is above its rolling baseline (z=6.45, pct_change=59.44%)."
2025-03-19,checkout_failure_spike,checkout_failure_rate,0.1239,0.0234,0.0211,4.7552,4.3062,high,"checkout_failure_rate value 0.1239 is above its rolling baseline (z=4.76, pct_change=430.62%)."
2025-03-19,latency_spike,avg_api_latency_ms,562.68,228.5236,78.4415,4.2599,1.4622,high,"avg_api_latency_ms value 562.6800 is above its rolling baseline (z=4.26, pct_change=146.22%)."
2025-03-19,revenue_drop,net_revenue,26580.22,51078.1764,10716.4403,-2.286,-0.4796,medium,"net_revenue value 26580.2200 is below its rolling baseline (z=-2.29, pct_change=-47.96%)."
2025-03-19,support_ticket_spike,support_ticket_count,353.0,217.3571,37.3757,3.6292,0.6241,medium,"support_ticket_count value 353.0000 is above its rolling baseline (z=3.63, pct_change=62.41%)."
2025-03-20,checkout_failure_spike,checkout_failure_rate,0.1184,0.0311,0.0332,2.6266,2.8062,high,"checkout_failure_rate value 0.1184 is above its rolling baseline (z=2.63, pct_change=280.62%)."
2025-03-20,latency_spike,avg_api_latency_ms,564.89,253.9893,115.9508,2.6813,1.2241,high,"avg_api_latency_ms value 564.8900 is above its rolling baseline (z=2.68, pct_change=122.41%)."
2025-03-20,revenue_drop,net_revenue,27830.67,49707.0043,12402.509,-1.7639,-0.4401,medium,"net_revenue value 27830.6700 is below its rolling baseline (z=-1.76, pct_change=-44.01%)."
2025-03-20,support_ticket_spike,support_ticket_count,310.0,227.6429,50.9938,1.615,0.3618,medium,"support_ticket_count value 310.0000 is above its rolling baseline (z=1.62, pct_change=36.18%)."
2025-03-23,shipping_delay_spike,shipping_delay_rate,0.0647,0.0551,0.0045,2.1441,0.1751,low,"shipping_delay_rate value 0.0647 is above its rolling baseline (z=2.14, pct_change=17.51%)."
2025-04-01,revenue_drop,net_revenue,37943.25,46638.8329,12581.4235,-0.6911,-0.1864,low,"net_revenue value 37943.2500 is below its rolling baseline (z=-0.69, pct_change=-18.64%)."
2025-04-05,shipping_delay_spike,shipping_delay_rate,0.0655,0.054,0.0046,2.4768,0.2128,low,"shipping_delay_rate value 0.0655 is above its rolling baseline (z=2.48, pct_change=21.28%)."
2025-04-07,revenue_drop,net_revenue,36975.45,50613.1964,8367.9421,-1.6298,-0.2695,low,"net_revenue value 36975.4500 is below its rolling baseline (z=-1.63, pct_change=-26.95%)."
2025-04-09,shipping_delay_spike,shipping_delay_rate,0.0641,0.0532,0.0048,2.277,0.2052,low,"shipping_delay_rate value 0.0641 is above its rolling baseline (z=2.28, pct_change=20.52%)."
2025-04-10,inventory_shortage_period,stockout_units,89.0,0.0,0.0,0.0,0.0,low,"stockout_units value 89.0000 is above its rolling baseline (z=0.00, pct_change=0.00%)."
2025-04-10,revenue_drop,net_revenue,40085.62,49387.7586,9037.2559,-1.0293,-0.1883,low,"net_revenue value 40085.6200 is below its rolling baseline (z=-1.03, pct_change=-18.83%)."
2025-04-10,support_ticket_spike,support_ticket_count,260.0,218.5714,15.2208,2.7218,0.1895,medium,"support_ticket_count value 260.0000 is above its rolling baseline (z=2.72, pct_change=18.95%)."
2025-04-11,inventory_shortage_period,stockout_units,106.0,6.3571,22.921,4.3472,15.6742,high,"stockout_units value 106.0000 is above its rolling baseline (z=4.35, pct_change=1567.42%)."
2025-04-11,revenue_drop,net_revenue,38904.41,49082.6493,9271.0278,-1.0979,-0.2074,low,"net_revenue value 38904.4100 is below its rolling baseline (z=-1.10, pct_change=-20.74%)."
2025-04-11,support_ticket_spike,support_ticket_count,266.0,220.5,18.3215,2.4834,0.2063,low,"support_ticket_count value 266.0000 is above its rolling baseline (z=2.48, pct_change=20.63%)."
2025-04-12,inventory_shortage_period,stockout_units,85.0,13.9286,34.2688,2.0739,5.1026,high,"stockout_units value 85.0000 is above its rolling baseline (z=2.07, pct_change=510.26%)."
2025-04-12,revenue_drop,net_revenue,39257.54,47856.7714,9400.2588,-0.9148,-0.1797,low,"net_revenue value 39257.5400 is below its rolling baseline (z=-0.91, pct_change=-17.97%)."
2025-04-13,inventory_shortage_period,stockout_units,96.0,20.0,38.5283,1.9726,3.8,high,"stockout_units value 96.0000 is above its rolling baseline (z=1.97, pct_change=380.00%)."
2025-04-14,inventory_shortage_period,stockout_units,105.0,26.8571,42.678,1.831,2.9096,high,"stockout_units value 105.0000 is above its rolling baseline (z=1.83, pct_change=290.96%)."
2025-04-14,revenue_drop,net_revenue,33960.24,44956.7807,7605.498,-1.4459,-0.2446,low,"net_revenue value 33960.2400 is below its rolling baseline (z=-1.45, pct_change=-24.46%)."
2025-04-15,inventory_shortage_period,stockout_units,96.0,34.3571,46.3659,1.3295,1.7942,high,"stockout_units value 96.0000 is above its rolling baseline (z=1.33, pct_change=179.42%)."
2025-04-15,revenue_drop,net_revenue,29244.45,44431.7829,8078.0925,-1.8801,-0.3418,low,"net_revenue value 29244.4500 is below its rolling baseline (z=-1.88, pct_change=-34.18%)."
2025-04-16,inventory_shortage_period,stockout_units,112.0,41.2143,47.8527,1.4792,1.7175,high,"stockout_units value 112.0000 is above its rolling baseline (z=1.48, pct_change=171.75%)."
2025-04-16,revenue_drop,net_revenue,36974.3,43810.44,8850.8562,-0.7724,-0.156,low,"net_revenue value 36974.3000 is below its rolling baseline (z=-0.77, pct_change=-15.60%)."
2025-04-17,inventory_shortage_period,stockout_units,80.0,49.2143,49.6231,0.6204,0.6255,medium,"stockout_units value 80.0000 is above its rolling baseline (z=0.62, pct_change=62.55%)."
2025-04-18,inventory_shortage_period,stockout_units,95.0,54.9286,48.213,0.8311,0.7295,medium,"stockout_units value 95.0000 is above its rolling baseline (z=0.83, pct_change=72.95%)."
2025-04-19,inventory_shortage_period,stockout_units,111.0,61.7143,46.6651,1.0562,0.7986,high,"stockout_units value 111.0000 is above its rolling baseline (z=1.06, pct_change=79.86%)."
2025-04-20,inventory_shortage_period,stockout_units,105.0,69.6429,44.9024,0.7874,0.5077,medium,"stockout_units value 105.0000 is above its rolling baseline (z=0.79, pct_change=50.77%)."
2025-04-20,revenue_drop,net_revenue,28393.31,41202.0614,8141.5361,-1.5733,-0.3109,low,"net_revenue value 28393.3100 is below its rolling baseline (z=-1.57, pct_change=-31.09%)."
2025-04-25,latency_spike,avg_api_latency_ms,215.11,206.3629,2.9005,3.0158,0.0424,medium,"avg_api_latency_ms value 215.1100 is above its rolling baseline (z=3.02, pct_change=4.24%)."
2025-05-05,revenue_drop,net_revenue,35003.13,53972.4957,9283.1789,-2.0434,-0.3515,medium,"net_revenue value 35003.1300 is below its rolling baseline (z=-2.04, pct_change=-35.15%)."
2025-05-05,shipping_delay_spike,shipping_delay_rate,0.1203,0.0566,0.0034,18.9552,1.1265,high,"shipping_delay_rate value 0.1203 is above its rolling baseline (z=18.96, pct_change=112.65%)."
2025-05-05,support_ticket_spike,support_ticket_count,330.0,222.0,13.4164,8.0498,0.4865,high,"support_ticket_count value 330.0000 is above its rolling baseline (z=8.05, pct_change=48.65%)."
2025-05-06,revenue_drop,net_revenue,39012.44,52964.0679,10449.0183,-1.3352,-0.2634,low,"net_revenue value 39012.4400 is below its rolling baseline (z=-1.34, pct_change=-26.34%)."
2025-05-06,shipping_delay_spike,shipping_delay_rate,0.1138,0.0615,0.0166,3.1516,0.8513,high,"shipping_delay_rate value 0.1138 is above its rolling baseline (z=3.15, pct_change=85.13%)."
2025-05-06,support_ticket_spike,support_ticket_count,351.0,230.8571,30.2722,3.9687,0.5204,medium,"support_ticket_count value 351.0000 is above its rolling baseline (z=3.97, pct_change=52.04%)."
2025-05-07,revenue_drop,net_revenue,43007.17,52692.3779,10754.338,-0.9006,-0.1838,low,"net_revenue value 43007.1700 is below its rolling baseline (z=-0.90, pct_change=-18.38%)."
2025-05-07,shipping_delay_spike,shipping_delay_rate,0.1209,0.0657,0.0212,2.6014,0.8414,high,"shipping_delay_rate value 0.1209 is above its rolling baseline (z=2.60, pct_change=84.14%)."
2025-05-07,support_ticket_spike,support_ticket_count,328.0,240.2143,43.0285,2.0402,0.3654,medium,"support_ticket_count value 328.0000 is above its rolling baseline (z=2.04, pct_change=36.54%)."
2025-05-08,shipping_delay_spike,shipping_delay_rate,0.1188,0.0701,0.0254,1.9163,0.6939,medium,"shipping_delay_rate value 0.1188 is above its rolling baseline (z=1.92, pct_change=69.39%)."
2025-05-08,support_ticket_spike,support_ticket_count,357.0,248.9286,47.3535,2.2822,0.4341,medium,"support_ticket_count value 357.0000 is above its rolling baseline (z=2.28, pct_change=43.41%)."
2025-05-09,shipping_delay_spike,shipping_delay_rate,0.1211,0.0744,0.0281,1.6646,0.6283,medium,"shipping_delay_rate value 0.1211 is above its rolling baseline (z=1.66, pct_change=62.83%)."
2025-05-09,support_ticket_spike,support_ticket_count,356.0,257.5714,54.6805,1.8001,0.3821,medium,"support_ticket_count value 356.0000 is above its rolling baseline (z=1.80, pct_change=38.21%)."
2025-05-10,shipping_delay_spike,shipping_delay_rate,0.1086,0.0795,0.0295,0.985,0.366,medium,"shipping_delay_rate value 0.1086 is above its rolling baseline (z=0.98, pct_change=36.60%)."
2025-05-11,shipping_delay_spike,shipping_delay_rate,0.118,0.0835,0.0294,1.1729,0.4127,medium,"shipping_delay_rate value 0.1180 is above its rolling baseline (z=1.17, pct_change=41.27%)."
2025-05-11,support_ticket_spike,support_ticket_count,345.0,275.7143,58.7591,1.1791,0.2513,low,"support_ticket_count value 345.0000 is above its rolling baseline (z=1.18, pct_change=25.13%)."
2025-05-12,revenue_drop,net_revenue,35227.44,50937.3986,10117.7588,-1.5527,-0.3084,low,"net_revenue value 35227.4400 is below its rolling baseline (z=-1.55, pct_change=-30.84%)."
2025-05-13,revenue_drop,net_revenue,36443.44,50413.5786,10710.3507,-1.3044,-0.2771,low,"net_revenue value 36443.4400 is below its rolling baseline (z=-1.30, pct_change=-27.71%)."
2025-06-02,latency_spike,avg_api_latency_ms,217.71,206.3814,2.8035,4.0408,0.0549,high,"avg_api_latency_ms value 217.7100 is above its rolling baseline (z=4.04, pct_change=5.49%)."
2025-06-04,shipping_delay_spike,shipping_delay_rate,0.0715,0.0561,0.0031,5.0037,0.274,high,"shipping_delay_rate value 0.0715 is above its rolling baseline (z=5.00, pct_change=27.40%)."
2025-06-09,revenue_drop,net_revenue,43525.8,53266.9936,6500.4708,-1.4985,-0.1829,low,"net_revenue value 43525.8000 is below its rolling baseline (z=-1.50, pct_change=-18.29%)."
2025-06-10,revenue_drop,net_revenue,43326.96,53205.9707,6587.0429,-1.4998,-0.1857,low,"net_revenue value 43326.9600 is below its rolling baseline (z=-1.50, pct_change=-18.57%)."
2025-06-16,revenue_drop,net_revenue,44903.32,53489.9336,7480.764,-1.1478,-0.1605,low,"net_revenue value 44903.3200 is below its rolling baseline (z=-1.15, pct_change=-16.05%)."
2025-06-24,revenue_drop,net_revenue,44366.87,54606.0693,7768.4424,-1.3181,-0.1875,low,"net_revenue value 44366.8700 is below its rolling baseline (z=-1.32, pct_change=-18.75%)."
2025-06-29,support_ticket_spike,support_ticket_count,228.0,205.4286,10.055,2.2448,0.1099,low,"support_ticket_count value 228.0000 is above its rolling baseline (z=2.24, pct_change=10.99%)."
2025-06-30,checkout_failure_spike,checkout_failure_rate,0.0214,0.0178,0.001,3.7952,0.2032,medium,"checkout_failure_rate value 0.0214 is above its rolling baseline (z=3.80, pct_change=20.32%)."
2025-06-30,revenue_drop,net_revenue,35001.53,56394.6243,8024.538,-2.666,-0.3793,medium,"net_revenue value 35001.5300 is below its rolling baseline (z=-2.67, pct_change=-37.93%)."
2025-07-01,revenue_drop,net_revenue,40409.72,55687.3536,9335.4781,-1.6365,-0.2743,low,"net_revenue value 40409.7200 is below its rolling baseline (z=-1.64, pct_change=-27.43%)."
2025-07-02,shipping_delay_spike,shipping_delay_rate,0.0666,0.0553,0.0046,2.4612,0.2048,low,"shipping_delay_rate value 0.0666 is above its rolling baseline (z=2.46, pct_change=20.48%)."
2025-07-03,support_ticket_spike,support_ticket_count,247.0,209.0,10.5695,3.5953,0.1818,medium,"support_ticket_count value 247.0000 is above its rolling baseline (z=3.60, pct_change=18.18%)."
2025-07-08,latency_spike,avg_api_latency_ms,215.87,207.1029,3.2871,2.6671,0.0423,medium,"avg_api_latency_ms value 215.8700 is above its rolling baseline (z=2.67, pct_change=4.23%)."
2025-07-08,revenue_drop,net_revenue,38507.13,54037.545,9473.89,-1.6393,-0.2874,low,"net_revenue value 38507.1300 is below its rolling baseline (z=-1.64, pct_change=-28.74%)."
2025-07-15,revenue_drop,net_revenue,42934.3,53150.4071,7694.0643,-1.3278,-0.1922,low,"net_revenue value 42934.3000 is below its rolling baseline (z=-1.33, pct_change=-19.22%)."
2025-07-19,checkout_failure_spike,checkout_failure_rate,0.0202,0.0181,0.0008,2.7874,0.1187,medium,"checkout_failure_rate value 0.0202 is above its rolling baseline (z=2.79, pct_change=11.87%)."
2025-07-21,revenue_drop,net_revenue,39943.76,52549.1014,6434.7953,-1.9589,-0.2399,low,"net_revenue value 39943.7600 is below its rolling baseline (z=-1.96, pct_change=-23.99%)."
2025-07-22,checkout_failure_spike,checkout_failure_rate,0.0468,0.0184,0.0009,30.5418,1.5464,high,"checkout_failure_rate value 0.0468 is above its rolling baseline (z=30.54, pct_change=154.64%)."
2025-07-22,latency_spike,avg_api_latency_ms,311.17,207.3,4.8892,21.2447,0.5011,high,"avg_api_latency_ms value 311.1700 is above its rolling baseline (z=21.24, pct_change=50.11%)."
2025-07-22,revenue_drop,net_revenue,33624.5,51491.5271,7161.8301,-2.4948,-0.347,low,"net_revenue value 33624.5000 is below its rolling baseline (z=-2.49, pct_change=-34.70%)."
2025-07-22,support_ticket_spike,support_ticket_count,284.0,216.2143,13.3105,5.0927,0.3135,high,"support_ticket_count value 284.0000 is above its rolling baseline (z=5.09, pct_change=31.35%)."
2025-07-23,revenue_drop,net_revenue,31629.44,51142.7679,7869.5551,-2.4796,-0.3815,medium,"net_revenue value 31629.4400 is below its rolling baseline (z=-2.48, pct_change=-38.15%)."
2025-07-23,support_ticket_spike,support_ticket_count,274.0,222.5,20.8969,2.4645,0.2315,low,"support_ticket_count value 274.0000 is above its rolling baseline (z=2.46, pct_change=23.15%)."
2025-07-28,revenue_drop,net_revenue,33010.03,50081.41,9276.5326,-1.8403,-0.3409,low,"net_revenue value 33010.0300 is below its rolling baseline (z=-1.84, pct_change=-34.09%)."
2025-07-29,revenue_drop,net_revenue,35349.82,49083.8657,10256.0496,-1.3391,-0.2798,low,"net_revenue value 35349.8200 is below its rolling baseline (z=-1.34, pct_change=-27.98%)."
2025-08-04,shipping_delay_spike,shipping_delay_rate,0.0634,0.0546,0.0043,2.0549,0.1606,low,"shipping_delay_rate value 0.0634 is above its rolling baseline (z=2.05, pct_change=16.06%)."
2025-08-10,support_ticket_spike,support_ticket_count,242.0,214.2143,13.1376,2.115,0.1297,low,"support_ticket_count value 242.0000 is above its rolling baseline (z=2.11, pct_change=12.97%)."
2025-08-11,revenue_drop,net_revenue,36810.08,52566.2536,10255.3558,-1.5364,-0.2997,low,"net_revenue value 36810.0800 is below its rolling baseline (z=-1.54, pct_change=-29.97%)."
2025-08-12,inventory_shortage_period,stockout_units,47.0,0.0,0.0,0.0,0.0,low,"stockout_units value 47.0000 is above its rolling baseline (z=0.00, pct_change=0.00%)."
2025-08-12,revenue_drop,net_revenue,37874.02,52837.6857,9773.1125,-1.5311,-0.2832,low,"net_revenue value 37874.0200 is below its rolling baseline (z=-1.53, pct_change=-28.32%)."
2025-08-12,support_ticket_spike,support_ticket_count,251.0,214.8571,15.0943,2.3945,0.1682,low,"support_ticket_count value 251.0000 is above its rolling baseline (z=2.39, pct_change=16.82%)."
2025-08-13,inventory_shortage_period,stockout_units,69.0,3.3571,12.1044,5.4231,19.5532,high,"stockout_units value 69.0000 is above its rolling baseline (z=5.42, pct_change=1955.32%)."
2025-08-13,support_ticket_spike,support_ticket_count,254.0,217.1429,17.7396,2.0777,0.1697,low,"support_ticket_count value 254.0000 is above its rolling baseline (z=2.08, pct_change=16.97%)."
2025-08-14,inventory_shortage_period,stockout_units,72.0,8.2857,20.7172,3.0754,7.6897,high,"stockout_units value 72.0000 is above its rolling baseline (z=3.08, pct_change=768.97%)."
2025-08-15,inventory_shortage_period,stockout_units,75.0,13.4286,26.2263,2.3477,4.5851,high,"stockout_units value 75.0000 is above its rolling baseline (z=2.35, pct_change=458.51%)."
2025-08-15,revenue_drop,net_revenue,41069.6,52580.0871,9495.4086,-1.2122,-0.2189,low,"net_revenue value 41069.6000 is below its rolling baseline (z=-1.21, pct_change=-21.89%)."
2025-08-16,inventory_shortage_period,stockout_units,56.0,18.7857,30.2824,1.2289,1.981,high,"stockout_units value 56.0000 is above its rolling baseline (z=1.23, pct_change=198.10%)."
2025-08-16,support_ticket_spike,support_ticket_count,272.0,224.5714,21.138,2.2438,0.2112,low,"support_ticket_count value 272.0000 is above its rolling baseline (z=2.24, pct_change=21.12%)."
2025-08-17,inventory_shortage_period,stockout_units,52.0,22.7857,31.2208,0.9357,1.2821,high,"stockout_units value 52.0000 is above its rolling baseline (z=0.94, pct_change=128.21%)."
2025-08-18,inventory_shortage_period,stockout_units,57.0,26.5,31.3819,0.9719,1.1509,high,"stockout_units value 57.0000 is above its rolling baseline (z=0.97, pct_change=115.09%)."
2025-08-18,revenue_drop,net_revenue,33504.76,49908.2479,9540.6214,-1.7193,-0.3287,low,"net_revenue value 33504.7600 is below its rolling baseline (z=-1.72, pct_change=-32.87%)."
2025-08-26,revenue_drop,net_revenue,38672.95,48070.8814,6741.0655,-1.3941,-0.1955,low,"net_revenue value 38672.9500 is below its rolling baseline (z=-1.39, pct_change=-19.55%)."
2025-09-01,revenue_drop,net_revenue,35711.86,50305.9464,6831.5125,-2.1363,-0.2901,low,"net_revenue value 35711.8600 is below its rolling baseline (z=-2.14, pct_change=-29.01%)."
2025-09-01,shipping_delay_spike,shipping_delay_rate,0.0649,0.0549,0.0033,3.0477,0.1828,medium,"shipping_delay_rate value 0.0649 is above its rolling baseline (z=3.05, pct_change=18.28%)."
2025-09-02,revenue_drop,net_revenue,35526.8,50463.5964,6457.1855,-2.3132,-0.296,low,"net_revenue value 35526.8000 is below its rolling baseline (z=-2.31, pct_change=-29.60%)."
2025-09-08,revenue_drop,net_revenue,38084.11,50599.7457,8611.0633,-1.4534,-0.2473,low,"net_revenue value 38084.1100 is below its rolling baseline (z=-1.45, pct_change=-24.73%)."
2025-09-09,revenue_drop,net_revenue,41719.83,49688.0557,9192.5781,-0.8668,-0.1604,low,"net_revenue value 41719.8300 is below its rolling baseline (z=-0.87, pct_change=-16.04%)."
2025-09-15,revenue_drop,net_revenue,33367.6,51823.5643,10929.2274,-1.6887,-0.3561,medium,"net_revenue value 33367.6000 is below its rolling baseline (z=-1.69, pct_change=-35.61%)."
2025-09-15,shipping_delay_spike,shipping_delay_rate,0.0671,0.0568,0.0045,2.2993,0.1816,low,"shipping_delay_rate value 0.0671 is above its rolling baseline (z=2.30, pct_change=18.16%)."
2025-09-15,support_ticket_spike,support_ticket_count,303.0,209.2857,10.3194,9.0814,0.4478,high,"support_ticket_count value 303.0000 is above its rolling baseline (z=9.08, pct_change=44.78%)."
2025-09-16,shipping_delay_spike,shipping_delay_rate,0.0667,0.0569,0.0048,2.0348,0.1713,low,"shipping_delay_rate value 0.0667 is above its rolling baseline (z=2.03, pct_change=17.13%)."
2025-09-17,latency_spike,avg_api_latency_ms,220.9,206.5914,3.9283,3.6425,0.0693,medium,"avg_api_latency_ms value 220.9000 is above its rolling baseline (z=3.64, pct_change=6.93%)."
2025-09-17,revenue_drop,net_revenue,39343.51,52738.4514,10272.4107,-1.304,-0.254,low,"net_revenue value 39343.5100 is below its rolling baseline (z=-1.30, pct_change=-25.40%)."
2025-09-17,support_ticket_spike,support_ticket_count,329.0,219.2857,28.449,3.8565,0.5003,medium,"support_ticket_count value 329.0000 is above its rolling baseline (z=3.86, pct_change=50.03%)."
2025-09-18,support_ticket_spike,support_ticket_count,304.0,228.1429,39.7004,1.9107,0.3325,low,"support_ticket_count value 304.0000 is above its rolling baseline (z=1.91, pct_change=33.25%)."
2025-09-22,revenue_drop,net_revenue,40116.25,51696.5421,10648.3341,-1.0875,-0.224,low,"net_revenue value 40116.2500 is below its rolling baseline (z=-1.09, pct_change=-22.40%)."
2025-10-01,revenue_drop,net_revenue,40306.91,51394.2714,7223.3512,-1.5349,-0.2157,low,"net_revenue value 40306.9100 is below its rolling baseline (z=-1.53, pct_change=-21.57%)."
2025-10-05,revenue_drop,net_revenue,45395.46,53482.2636,9241.2056,-0.8751,-0.1512,low,"net_revenue value 45395.4600 is below its rolling baseline (z=-0.88, pct_change=-15.12%)."
2025-10-07,shipping_delay_spike,shipping_delay_rate,0.0629,0.052,0.0047,2.3143,0.2086,low,"shipping_delay_rate value 0.0629 is above its rolling baseline (z=2.31, pct_change=20.86%)."
2025-10-08,checkout_failure_spike,checkout_failure_rate,0.1133,0.0182,0.0007,134.2584,5.2351,high,"checkout_failure_rate value 0.1133 is above its rolling baseline (z=134.26, pct_change=523.51%)."
2025-10-08,latency_spike,avg_api_latency_ms,529.1,206.3807,4.642,69.5211,1.5637,high,"avg_api_latency_ms value 529.1000 is above its rolling baseline (z=69.52, pct_change=156.37%)."
2025-10-08,revenue_drop,net_revenue,23589.31,53713.0521,8597.4975,-3.5038,-0.5608,medium,"net_revenue value 23589.3100 is below its rolling baseline (z=-3.50, pct_change=-56.08%)."
2025-10-08,support_ticket_spike,support_ticket_count,401.0,210.7143,11.5476,16.4784,0.9031,high,"support_ticket_count value 401.0000 is above its rolling baseline (z=16.48, pct_change=90.31%)."
2025-10-09,checkout_failure_spike,checkout_failure_rate,0.14,0.0249,0.0245,4.6928,4.6322,high,"checkout_failure_rate value 0.1400 is above its rolling baseline (z=4.69, pct_change=463.22%)."
2025-10-09,latency_spike,avg_api_latency_ms,653.02,228.6357,83.4057,5.0882,1.8562,high,"avg_api_latency_ms value 653.0200 is above its rolling baseline (z=5.09, pct_change=185.62%)."
2025-10-09,revenue_drop,net_revenue,26618.0,51613.4586,11588.2612,-2.157,-0.4843,medium,"net_revenue value 26618.0000 is below its rolling baseline (z=-2.16, pct_change=-48.43%)."
2025-10-09,support_ticket_spike,support_ticket_count,360.0,224.2143,50.3717,2.6957,0.6056,medium,"support_ticket_count value 360.0000 is above its rolling baseline (z=2.70, pct_change=60.56%)."
2025-10-10,checkout_failure_spike,checkout_failure_rate,0.1503,0.0336,0.0383,3.0449,3.4751,high,"checkout_failure_rate value 0.1503 is above its rolling baseline (z=3.04, pct_change=347.51%)."
2025-10-10,latency_spike,avg_api_latency_ms,655.44,260.5679,136.9839,2.8826,1.5154,high,"avg_api_latency_ms value 655.4400 is above its rolling baseline (z=2.88, pct_change=151.54%)."
2025-10-10,revenue_drop,net_revenue,22658.2,49512.0279,13156.7503,-2.0411,-0.5424,medium,"net_revenue value 22658.2000 is below its rolling baseline (z=-2.04, pct_change=-54.24%)."
2025-10-10,support_ticket_spike,support_ticket_count,343.0,236.8571,59.7756,1.7757,0.4481,medium,"support_ticket_count value 343.0000 is above its rolling baseline (z=1.78, pct_change=44.81%)."
2025-10-11,revenue_drop,net_revenue,35622.92,47222.3293,14745.6308,-0.7866,-0.2456,low,"net_revenue value 35622.9200 is below its rolling baseline (z=-0.79, pct_change=-24.56%)."
2025-10-11,support_ticket_spike,support_ticket_count,365.0,245.9286,65.3031,1.8234,0.4842,medium,"support_ticket_count value 365.0000 is above its rolling baseline (z=1.82, pct_change=48.42%)."
2025-10-18,shipping_delay_spike,shipping_delay_rate,0.0663,0.0524,0.0047,2.9234,0.2647,medium,"shipping_delay_rate value 0.0663 is above its rolling baseline (z=2.92, pct_change=26.47%)."
2025-10-29,support_ticket_spike,support_ticket_count,252.0,212.2857,15.5261,2.5579,0.1871,medium,"support_ticket_count value 252.0000 is above its rolling baseline (z=2.56, pct_change=18.71%)."
2025-11-10,revenue_drop,net_revenue,49538.39,63822.1557,10098.0408,-1.4145,-0.2238,low,"net_revenue value 49538.3900 is below its rolling baseline (z=-1.41, pct_change=-22.38%)."
2025-11-16,checkout_failure_spike,checkout_failure_rate,0.0192,0.0176,0.0005,2.8793,0.0887,medium,"checkout_failure_rate value 0.0192 is above its rolling baseline (z=2.88, pct_change=8.87%)."
2025-11-17,revenue_drop,net_revenue,47369.5,67485.0471,7758.9647,-2.5926,-0.2981,medium,"net_revenue value 47369.5000 is below its rolling baseline (z=-2.59, pct_change=-29.81%)."
2025-11-17,shipping_delay_spike,shipping_delay_rate,0.0675,0.0553,0.0025,4.8342,0.2203,high,"shipping_delay_rate value 0.0675 is above its rolling baseline (z=4.83, pct_change=22.03%)."
2025-11-24,support_ticket_spike,support_ticket_count,250.0,212.1429,11.0315,3.4317,0.1785,medium,"support_ticket_count value 250.0000 is above its rolling baseline (z=3.43, pct_change=17.85%)."
2025-11-25,revenue_drop,net_revenue,50122.48,66435.2257,7737.7422,-2.1082,-0.2455,low,"net_revenue value 50122.4800 is below its rolling baseline (z=-2.11, pct_change=-24.55%)."
2025-12-01,revenue_drop,net_revenue,55852.79,66982.7307,9672.807,-1.1506,-0.1662,low,"net_revenue value 55852.7900 is below its rolling baseline (z=-1.15, pct_change=-16.62%)."
2025-12-02,shipping_delay_spike,shipping_delay_rate,0.0657,0.0527,0.0036,3.6684,0.2477,medium,"shipping_delay_rate value 0.0657 is above its rolling baseline (z=3.67, pct_change=24.77%)."
2025-12-03,inventory_shortage_period,stockout_units,119.0,0.0,0.0,0.0,0.0,low,"stockout_units value 119.0000 is above its rolling baseline (z=0.00, pct_change=0.00%)."
2025-12-03,revenue_drop,net_revenue,34369.61,67696.1393,8562.2714,-3.8923,-0.4923,medium,"net_revenue value 34369.6100 is below its rolling baseline (z=-3.89, pct_change=-49.23%)."
2025-12-03,support_ticket_spike,support_ticket_count,273.0,218.0714,13.7241,4.0023,0.2519,high,"support_ticket_count value 273.0000 is above its rolling baseline (z=4.00, pct_change=25.19%)."
2025-12-04,inventory_shortage_period,stockout_units,133.0,8.5,30.6472,4.0624,14.6471,high,"stockout_units value 133.0000 is above its rolling baseline (z=4.06, pct_change=1464.71%)."
2025-12-04,revenue_drop,net_revenue,40277.17,65481.4457,12139.0106,-2.0763,-0.3849,medium,"net_revenue value 40277.1700 is below its rolling baseline (z=-2.08, pct_change=-38.49%)."
2025-12-04,support_ticket_spike,support_ticket_count,263.0,223.7143,18.1833,2.1605,0.1756,low,"support_ticket_count value 263.0000 is above its rolling baseline (z=2.16, pct_change=17.56%)."
2025-12-05,inventory_shortage_period,stockout_units,133.0,18.0,44.1701,2.6036,6.3889,high,"stockout_units value 133.0000 is above its rolling baseline (z=2.60, pct_change=638.89%)."
2025-12-05,revenue_drop,net_revenue,32474.26,63850.8021,13772.0362,-2.2783,-0.4914,medium,"net_revenue value 32474.2600 is below its rolling baseline (z=-2.28, pct_change=-49.14%)."
2025-12-05,support_ticket_spike,support_ticket_count,286.0,227.0,20.6605,2.8557,0.2599,medium,"support_ticket_count value 286.0000 is above its rolling baseline (z=2.86, pct_change=25.99%)."
2025-12-06,inventory_shortage_period,stockout_units,114.0,27.5,52.747,1.6399,3.1455,high,"stockout_units value 114.0000 is above its rolling baseline (z=1.64, pct_change=314.55%)."
2025-12-07,inventory_shortage_period,stockout_units,114.0,35.6429,56.5365,1.386,2.1984,high,"stockout_units value 114.0000 is above its rolling baseline (z=1.39, pct_change=219.84%)."
2025-12-07,revenue_drop,net_revenue,50286.65,60123.8914,15800.8041,-0.6226,-0.1636,low,"net_revenue value 50286.6500 is below its rolling baseline (z=-0.62, pct_change=-16.36%)."
2025-12-07,support_ticket_spike,support_ticket_count,302.0,236.9286,27.546,2.3623,0.2746,low,"support_ticket_count value 302.0000 is above its rolling baseline (z=2.36, pct_change=27.46%)."
2025-12-08,inventory_shortage_period,stockout_units,105.0,43.7857,58.9736,1.038,1.398,high,"stockout_units value 105.0000 is above its rolling baseline (z=1.04, pct_change=139.80%)."
2025-12-08,revenue_drop,net_revenue,29308.42,58432.2379,15492.6577,-1.8798,-0.4984,medium,"net_revenue value 29308.4200 is below its rolling baseline (z=-1.88, pct_change=-49.84%)."
2025-12-08,support_ticket_spike,support_ticket_count,306.0,242.6429,31.8223,1.991,0.2611,low,"support_ticket_count value 306.0000 is above its rolling baseline (z=1.99, pct_change=26.11%)."
2025-12-09,inventory_shortage_period,stockout_units,129.0,51.2857,59.6016,1.3039,1.5153,high,"stockout_units value 129.0000 is above its rolling baseline (z=1.30, pct_change=151.53%)."
2025-12-09,revenue_drop,net_revenue,34575.77,56191.355,17182.1195,-1.258,-0.3847,medium,"net_revenue value 34575.7700 is below its rolling baseline (z=-1.26, pct_change=-38.47%)."
2025-12-10,inventory_shortage_period,stockout_units,112.0,60.5,60.9177,0.8454,0.8512,high,"stockout_units value 112.0000 is above its rolling baseline (z=0.85, pct_change=85.12%)."
2025-12-10,revenue_drop,net_revenue,28434.33,55080.8757,18020.4075,-1.4787,-0.4838,medium,"net_revenue value 28434.3300 is below its rolling baseline (z=-1.48, pct_change=-48.38%)."
2025-12-11,inventory_shortage_period,stockout_units,97.0,68.5,59.791,0.4767,0.4161,medium,"stockout_units value 97.0000 is above its rolling baseline (z=0.48, pct_change=41.61%)."
2025-12-12,inventory_shortage_period,stockout_units,126.0,75.4286,57.0072,0.8871,0.6705,medium,"stockout_units value 126.0000 is above its rolling baseline (z=0.89, pct_change=67.05%)."
2025-12-13,inventory_shortage_period,stockout_units,134.0,84.4286,54.2688,0.9134,0.5871,medium,"stockout_units value 134.0000 is above its rolling baseline (z=0.91, pct_change=58.71%)."
2025-12-14,inventory_shortage_period,stockout_units,126.0,94.0,50.1982,0.6375,0.3404,low,"stockout_units value 126.0000 is above its rolling baseline (z=0.64, pct_change=34.04%)."
2025-12-15,inventory_shortage_period,stockout_units,92.0,103.0,43.3688,-0.2536,-0.1068,low,"stockout_units value 92.0000 is above its rolling baseline (z=-0.25, pct_change=-10.68%)."
2025-12-15,revenue_drop,net_revenue,33789.39,44475.0643,11120.0457,-0.9609,-0.2403,low,"net_revenue value 33789.3900 is below its rolling baseline (z=-0.96, pct_change=-24.03%)."
2025-12-16,inventory_shortage_period,stockout_units,104.0,109.5714,32.9929,-0.1689,-0.0508,low,"stockout_units value 104.0000 is above its rolling baseline (z=-0.17, pct_change=-5.08%)."
2025-12-25,shipping_delay_spike,shipping_delay_rate,0.0638,0.056,0.0036,2.1802,0.1384,low,"shipping_delay_rate value 0.0638 is above its rolling baseline (z=2.18, pct_change=13.84%)."
2025-12-30,revenue_drop,net_revenue,61663.6,73779.7357,15415.8858,-0.786,-0.1642,low,"net_revenue value 61663.6000 is below its rolling baseline (z=-0.79, pct_change=-16.42%)."
2026-01-01,revenue_drop,net_revenue,60933.94,75921.1036,13211.6809,-1.1344,-0.1974,low,"net_revenue value 60933.9400 is below its rolling baseline (z=-1.13, pct_change=-19.74%)."
2026-01-04,checkout_failure_spike,checkout_failure_rate,0.0201,0.0181,0.0006,3.5094,0.1079,medium,"checkout_failure_rate value 0.0201 is above its rolling baseline (z=3.51, pct_change=10.79%)."
2026-01-05,revenue_drop,net_revenue,58149.45,70317.7179,9896.985,-1.2295,-0.173,low,"net_revenue value 58149.4500 is below its rolling baseline (z=-1.23, pct_change=-17.30%)."
2026-01-06,revenue_drop,net_revenue,49245.4,70548.9593,9566.6403,-2.2269,-0.302,low,"net_revenue value 49245.4000 is below its rolling baseline (z=-2.23, pct_change=-30.20%)."
2026-01-12,revenue_drop,net_revenue,55343.67,66701.6064,8440.2866,-1.3457,-0.1703,low,"net_revenue value 55343.6700 is below its rolling baseline (z=-1.35, pct_change=-17.03%)."
2026-01-19,revenue_drop,net_revenue,53386.07,65374.2593,7927.5368,-1.5122,-0.1834,low,"net_revenue value 53386.0700 is below its rolling baseline (z=-1.51, pct_change=-18.34%)."
2026-01-23,shipping_delay_spike,shipping_delay_rate,0.0631,0.0534,0.0041,2.3652,0.1828,low,"shipping_delay_rate value 0.0631 is above its rolling baseline (z=2.37, pct_change=18.28%)."
2026-01-26,revenue_drop,net_revenue,50861.94,67250.1114,9973.4824,-1.6432,-0.2437,low,"net_revenue value 50861.9400 is below its rolling baseline (z=-1.64, pct_change=-24.37%)."
2026-01-27,checkout_failure_spike,checkout_failure_rate,0.075,0.0177,0.001,59.8931,3.2424,high,"checkout_failure_rate value 0.0750 is above its rolling baseline (z=59.89, pct_change=324.24%)."
2026-01-27,latency_spike,avg_api_latency_ms,398.61,207.5657,4.3332,44.0884,0.9204,high,"avg_api_latency_ms value 398.6100 is above its rolling baseline (z=44.09, pct_change=92.04%)."
2026-01-27,revenue_drop,net_revenue,42350.29,66929.9879,10412.7635,-2.3605,-0.3672,medium,"net_revenue value 42350.2900 is below its rolling baseline (z=-2.36, pct_change=-36.72%)."
2026-01-27,support_ticket_spike,support_ticket_count,312.0,213.7143,18.9187,5.1952,0.4599,high,"support_ticket_count value 312.0000 is above its rolling baseline (z=5.20, pct_change=45.99%)."
2026-01-28,checkout_failure_spike,checkout_failure_rate,0.0678,0.0219,0.0148,3.1116,2.0979,high,"checkout_failure_rate value 0.0678 is above its rolling baseline (z=3.11, pct_change=209.79%)."
2026-01-28,latency_spike,avg_api_latency_ms,392.1,221.3086,49.3637,3.4599,0.7717,high,"avg_api_latency_ms value 392.1000 is above its rolling baseline (z=3.46, pct_change=77.17%)."
2026-01-28,revenue_drop,net_revenue,42119.47,65424.0229,12183.5551,-1.9128,-0.3562,medium,"net_revenue value 42119.4700 is below its rolling baseline (z=-1.91, pct_change=-35.62%)."
2026-02-03,revenue_drop,net_revenue,54284.91,64208.5007,12572.5979,-0.7893,-0.1546,low,"net_revenue value 54284.9100 is below its rolling baseline (z=-0.79, pct_change=-15.46%)."
2026-02-09,revenue_drop,net_revenue,49903.35,64377.425,12145.6361,-1.1917,-0.2248,low,"net_revenue value 49903.3500 is below its rolling baseline (z=-1.19, pct_change=-22.48%)."
2026-02-09,shipping_delay_spike,shipping_delay_rate,0.0915,0.0553,0.0058,6.1973,0.654,high,"shipping_delay_rate value 0.0915 is above its rolling baseline (z=6.20, pct_change=65.40%)."
2026-02-09,support_ticket_spike,support_ticket_count,390.0,223.3571,30.8374,5.4039,0.7461,high,"support_ticket_count value 390.0000 is above its rolling baseline (z=5.40, pct_change=74.61%)."
2026-02-10,revenue_drop,net_revenue,45078.65,64308.9543,12224.0849,-1.5731,-0.299,low,"net_revenue value 45078.6500 is below its rolling baseline (z=-1.57, pct_change=-29.90%)."
2026-02-10,shipping_delay_spike,shipping_delay_rate,0.0884,0.0583,0.0108,2.7847,0.5172,medium,"shipping_delay_rate value 0.0884 is above its rolling baseline (z=2.78, pct_change=51.72%)."
2026-02-10,support_ticket_spike,support_ticket_count,349.0,237.2143,51.8558,2.1557,0.4712,medium,"support_ticket_count value 349.0000 is above its rolling baseline (z=2.16, pct_change=47.12%)."
2026-02-11,shipping_delay_spike,shipping_delay_rate,0.1013,0.0609,0.0131,3.0839,0.663,medium,"shipping_delay_rate value 0.1013 is above its rolling baseline (z=3.08, pct_change=66.30%)."
2026-02-11,support_ticket_spike,support_ticket_count,371.0,239.8571,56.3482,2.3274,0.5468,medium,"support_ticket_count value 371.0000 is above its rolling baseline (z=2.33, pct_change=54.68%)."
2026-02-12,shipping_delay_spike,shipping_delay_rate,0.0876,0.0637,0.0167,1.4296,0.3758,medium,"shipping_delay_rate value 0.0876 is above its rolling baseline (z=1.43, pct_change=37.58%)."
2026-02-12,support_ticket_spike,support_ticket_count,397.0,247.1429,65.4968,2.288,0.6064,medium,"support_ticket_count value 397.0000 is above its rolling baseline (z=2.29, pct_change=60.64%)."
2026-02-13,revenue_drop,net_revenue,52210.56,65320.3157,10176.1287,-1.2883,-0.2007,low,"net_revenue value 52210.5600 is below its rolling baseline (z=-1.29, pct_change=-20.07%)."
2026-02-13,shipping_delay_spike,shipping_delay_rate,0.0913,0.0654,0.0178,1.4513,0.3956,medium,"shipping_delay_rate value 0.0913 is above its rolling baseline (z=1.45, pct_change=39.56%)."
2026-02-13,support_ticket_spike,support_ticket_count,357.0,259.6429,75.4488,1.2904,0.375,medium,"support_ticket_count value 357.0000 is above its rolling baseline (z=1.29, pct_change=37.50%)."
2026-02-14,shipping_delay_spike,shipping_delay_rate,0.093,0.0683,0.0185,1.3339,0.3624,medium,"shipping_delay_rate value 0.0930 is above its rolling baseline (z=1.33, pct_change=36.24%)."
2026-02-14,support_ticket_spike,support_ticket_count,381.0,269.7143,78.3075,1.4211,0.4126,medium,"support_ticket_count value 381.0000 is above its rolling baseline (z=1.42, pct_change=41.26%)."
2026-02-15,support_ticket_spike,support_ticket_count,377.0,282.2857,80.9907,1.1694,0.3355,low,"support_ticket_count value 377.0000 is above its rolling baseline (z=1.17, pct_change=33.55%)."
2026-02-16,revenue_drop,net_revenue,53135.98,64619.7014,10962.3762,-1.0476,-0.1777,low,"net_revenue value 53135.9800 is below its rolling baseline (z=-1.05, pct_change=-17.77%)."
2026-02-17,support_ticket_spike,support_ticket_count,396.0,304.3571,80.6187,1.1367,0.3011,low,"support_ticket_count value 396.0000 is above its rolling baseline (z=1.14, pct_change=30.11%)."
2026-03-02,revenue_drop,net_revenue,48293.97,68157.0829,10320.2817,-1.9247,-0.2914,low,"net_revenue value 48293.9700 is below its rolling baseline (z=-1.92, pct_change=-29.14%)."
2026-03-03,revenue_drop,net_revenue,53626.21,67811.225,10883.638,-1.3033,-0.2092,low,"net_revenue value 53626.2100 is below its rolling baseline (z=-1.30, pct_change=-20.92%)."
2026-03-09,revenue_drop,net_revenue,58848.77,71147.4007,11846.4855,-1.0382,-0.1729,low,"net_revenue value 58848.7700 is below its rolling baseline (z=-1.04, pct_change=-17.29%)."
2026-03-15,checkout_failure_spike,checkout_failure_rate,0.0209,0.0181,0.0011,2.5617,0.1556,medium,"checkout_failure_rate value 0.0209 is above its rolling baseline (z=2.56, pct_change=15.56%)."
2026-03-23,revenue_drop,net_revenue,56966.96,74306.8,9824.955,-1.7649,-0.2334,low,"net_revenue value 56966.9600 is below its rolling baseline (z=-1.76, pct_change=-23.34%)."
2026-03-24,shipping_delay_spike,shipping_delay_rate,0.0635,0.054,0.0038,2.4921,0.1767,low,"shipping_delay_rate value 0.0635 is above its rolling baseline (z=2.49, pct_change=17.67%)."
2026-03-28,shipping_delay_spike,shipping_delay_rate,0.0695,0.0534,0.0049,3.3081,0.302,medium,"shipping_delay_rate value 0.0695 is above its rolling baseline (z=3.31, pct_change=30.20%)."
2026-03-30,revenue_drop,net_revenue,56332.76,77504.1021,14420.7074,-1.4681,-0.2732,low,"net_revenue value 56332.7600 is below its rolling baseline (z=-1.47, pct_change=-27.32%)."
2026-03-30,support_ticket_spike,support_ticket_count,245.0,217.0714,10.7402,2.6004,0.1287,medium,"support_ticket_count value 245.0000 is above its rolling baseline (z=2.60, pct_change=12.87%)."
2026-03-31,revenue_drop,net_revenue,61104.76,76814.035,15166.8457,-1.0358,-0.2045,low,"net_revenue value 61104.7600 is below its rolling baseline (z=-1.04, pct_change=-20.45%)."
2026-04-01,revenue_drop,net_revenue,56749.82,75634.8986,15691.5431,-1.2035,-0.2497,low,"net_revenue value 56749.8200 is below its rolling baseline (z=-1.20, pct_change=-24.97%)."
2026-04-13,revenue_drop,net_revenue,59551.86,73794.7543,11443.6916,-1.2446,-0.193,low,"net_revenue value 59551.8600 is below its rolling baseline (z=-1.24, pct_change=-19.30%)."
2026-04-14,checkout_failure_spike,checkout_failure_rate,0.1477,0.0175,0.0009,146.4463,7.4573,high,"checkout_failure_rate value 0.1477 is above its rolling baseline (z=146.45, pct_change=745.73%)."
2026-04-14,latency_spike,avg_api_latency_ms,659.07,206.1986,2.6845,168.6963,2.1963,high,"avg_api_latency_ms value 659.0700 is above its rolling baseline (z=168.70, pct_change=219.63%)."
2026-04-14,revenue_drop,net_revenue,22240.78,74024.69,11118.2337,-4.6576,-0.6995,high,"net_revenue value 22240.7800 is below its rolling baseline (z=-4.66, pct_change=-69.95%)."
2026-04-14,support_ticket_spike,support_ticket_count,405.0,212.5714,12.9489,14.8606,0.9052,high,"support_ticket_count value 405.0000 is above its rolling baseline (z=14.86, pct_change=90.52%)."
2026-04-15,checkout_failure_spike,checkout_failure_rate,0.1609,0.0268,0.0336,3.9977,5.0101,high,"checkout_failure_rate value 0.1609 is above its rolling baseline (z=4.00, pct_change=501.01%)."
2026-04-15,latency_spike,avg_api_latency_ms,733.26,238.5014,116.6755,4.2405,2.0744,high,"avg_api_latency_ms value 733.2600 is above its rolling baseline (z=4.24, pct_change=207.44%)."
2026-04-15,revenue_drop,net_revenue,22722.4,71248.6914,17190.8906,-2.8228,-0.6811,medium,"net_revenue value 22722.4000 is below its rolling baseline (z=-2.82, pct_change=-68.11%)."
2026-04-15,support_ticket_spike,support_ticket_count,382.0,226.4286,51.1897,3.0391,0.6871,medium,"support_ticket_count value 382.0000 is above its rolling baseline (z=3.04, pct_change=68.71%)."
2026-04-16,checkout_failure_spike,checkout_failure_rate,0.1728,0.0371,0.0479,2.832,3.655,high,"checkout_failure_rate value 0.1728 is above its rolling baseline (z=2.83, pct_change=365.50%)."
2026-04-16,latency_spike,avg_api_latency_ms,733.8,276.4007,171.9588,2.6599,1.6548,high,"avg_api_latency_ms value 733.8000 is above its rolling baseline (z=2.66, pct_change=165.48%)."
2026-04-16,revenue_drop,net_revenue,28252.91,68818.1614,21042.9036,-1.9277,-0.5895,medium,"net_revenue value 28252.9100 is below its rolling baseline (z=-1.93, pct_change=-58.95%)."
2026-04-16,support_ticket_spike,support_ticket_count,372.0,239.5,64.2225,2.0631,0.5532,medium,"support_ticket_count value 372.0000 is above its rolling baseline (z=2.06, pct_change=55.32%)."
2026-04-17,checkout_failure_spike,checkout_failure_rate,0.1716,0.0483,0.0588,2.0979,2.5538,high,"checkout_failure_rate value 0.1716 is above its rolling baseline (z=2.10, pct_change=255.38%)."
2026-04-17,latency_spike,avg_api_latency_ms,728.7,314.0736,206.7468,2.0055,1.3202,high,"avg_api_latency_ms value 728.7000 is above its rolling baseline (z=2.01, pct_change=132.02%)."
2026-04-17,revenue_drop,net_revenue,28837.0,65931.7157,23494.8729,-1.5788,-0.5626,medium,"net_revenue value 28837.0000 is below its rolling baseline (z=-1.58, pct_change=-56.26%)."
2026-04-17,support_ticket_spike,support_ticket_count,434.0,251.0,72.0298,2.5406,0.7291,medium,"support_ticket_count value 434.0000 is above its rolling baseline (z=2.54, pct_change=72.91%)."
2026-04-18,checkout_failure_spike,checkout_failure_rate,0.1595,0.0593,0.066,1.5189,1.6917,high,"checkout_failure_rate value 0.1595 is above its rolling baseline (z=1.52, pct_change=169.17%)."
2026-04-18,latency_spike,avg_api_latency_ms,720.55,351.1157,229.9559,1.6065,1.0522,high,"avg_api_latency_ms value 720.5500 is above its rolling baseline (z=1.61, pct_change=105.22%)."
2026-04-18,revenue_drop,net_revenue,36106.15,62065.0443,24791.2886,-1.0471,-0.4183,medium,"net_revenue value 36106.1500 is below its rolling baseline (z=-1.05, pct_change=-41.83%)."
2026-04-18,support_ticket_spike,support_ticket_count,388.0,268.9286,83.2384,1.4305,0.4428,medium,"support_ticket_count value 388.0000 is above its rolling baseline (z=1.43, pct_change=44.28%)."
2026-05-04,revenue_drop,net_revenue,62606.93,75817.285,9151.7095,-1.4435,-0.1742,low,"net_revenue value 62606.9300 is below its rolling baseline (z=-1.44, pct_change=-17.42%)."
2026-05-05,latency_spike,avg_api_latency_ms,215.99,207.9264,3.005,2.6834,0.0388,medium,"avg_api_latency_ms value 215.9900 is above its rolling baseline (z=2.68, pct_change=3.88%)."
2026-05-09,shipping_delay_spike,shipping_delay_rate,0.0667,0.0533,0.0034,3.9423,0.2504,medium,"shipping_delay_rate value 0.0667 is above its rolling baseline (z=3.94, pct_change=25.04%)."
2026-05-11,revenue_drop,net_revenue,65582.93,77389.7436,9241.6215,-1.2776,-0.1526,low,"net_revenue value 65582.9300 is below its rolling baseline (z=-1.28, pct_change=-15.26%)."
2026-05-12,revenue_drop,net_revenue,49985.09,77577.29,8969.4656,-3.0762,-0.3557,medium,"net_revenue value 49985.0900 is below its rolling baseline (z=-3.08, pct_change=-35.57%)."
2026-05-15,shipping_delay_spike,shipping_delay_rate,0.0653,0.0541,0.0051,2.1885,0.2061,low,"shipping_delay_rate value 0.0653 is above its rolling baseline (z=2.19, pct_change=20.61%)."
2026-05-16,support_ticket_spike,support_ticket_count,253.0,211.9286,13.8794,2.9592,0.1938,medium,"support_ticket_count value 253.0000 is above its rolling baseline (z=2.96, pct_change=19.38%)."
2026-05-18,revenue_drop,net_revenue,62210.41,75068.0343,11269.6268,-1.1409,-0.1713,low,"net_revenue value 62210.4100 is below its rolling baseline (z=-1.14, pct_change=-17.13%)."
2026-05-20,inventory_shortage_period,stockout_units,113.0,0.0,0.0,0.0,0.0,low,"stockout_units value 113.0000 is above its rolling baseline (z=0.00, pct_change=0.00%)."
2026-05-20,revenue_drop,net_revenue,63240.46,74827.3529,11421.0951,-1.0145,-0.1548,low,"net_revenue value 63240.4600 is below its rolling baseline (z=-1.01, pct_change=-15.48%)."
2026-05-20,support_ticket_spike,support_ticket_count,279.0,212.0,16.5616,4.0455,0.316,high,"support_ticket_count value 279.0000 is above its rolling baseline (z=4.05, pct_change=31.60%)."
2026-05-21,inventory_shortage_period,stockout_units,114.0,8.0714,29.1019,3.6399,13.1239,high,"stockout_units value 114.0000 is above its rolling baseline (z=3.64, pct_change=1312.39%)."
2026-05-21,revenue_drop,net_revenue,57956.49,74530.5843,11661.8005,-1.4212,-0.2224,low,"net_revenue value 57956.4900 is below its rolling baseline (z=-1.42, pct_change=-22.24%)."
2026-05-22,inventory_shortage_period,stockout_units,97.0,16.2143,39.7172,2.034,4.9824,high,"stockout_units value 97.0000 is above its rolling baseline (z=2.03, pct_change=498.24%)."
2026-05-22,revenue_drop,net_revenue,56007.91,72650.5843,12054.0526,-1.3807,-0.2291,low,"net_revenue value 56007.9100 is below its rolling baseline (z=-1.38, pct_change=-22.91%)."
2026-05-23,inventory_shortage_period,stockout_units,98.0,23.1429,44.4616,1.6836,3.2346,high,"stockout_units value 98.0000 is above its rolling baseline (z=1.68, pct_change=323.46%)."
2026-05-24,inventory_shortage_period,stockout_units,114.0,30.1429,47.8522,1.7524,2.782,high,"stockout_units value 114.0000 is above its rolling baseline (z=1.75, pct_change=278.20%)."
2026-05-24,support_ticket_spike,support_ticket_count,289.0,225.2143,28.4459,2.2424,0.2832,low,"support_ticket_count value 289.0000 is above its rolling baseline (z=2.24, pct_change=28.32%)."
2026-05-25,inventory_shortage_period,stockout_units,85.0,38.2857,51.5841,0.9056,1.2201,high,"stockout_units value 85.0000 is above its rolling baseline (z=0.91, pct_change=122.01%)."
2026-05-25,revenue_drop,net_revenue,47213.13,67276.0514,9886.025,-2.0294,-0.2982,low,"net_revenue value 47213.1300 is below its rolling baseline (z=-2.03, pct_change=-29.82%)."
2026-05-26,inventory_shortage_period,stockout_units,91.0,44.3571,51.7226,0.9018,1.0515,high,"stockout_units value 91.0000 is above its rolling baseline (z=0.90, pct_change=105.15%)."
2026-05-26,revenue_drop,net_revenue,49559.33,65963.9229,11160.5794,-1.4699,-0.2487,low,"net_revenue value 49559.3300 is below its rolling baseline (z=-1.47, pct_change=-24.87%)."
2026-05-27,inventory_shortage_period,stockout_units,116.0,50.8571,51.4571,1.266,1.2809,high,"stockout_units value 116.0000 is above its rolling baseline (z=1.27, pct_change=128.09%)."
2026-05-27,revenue_drop,net_revenue,52588.52,65933.5114,11204.5721,-1.191,-0.2024,low,"net_revenue value 52588.5200 is below its rolling baseline (z=-1.19, pct_change=-20.24%)."
2026-05-28,inventory_shortage_period,stockout_units,125.0,59.1429,51.938,1.268,1.1135,high,"stockout_units value 125.0000 is above its rolling baseline (z=1.27, pct_change=111.35%)."
2026-05-29,inventory_shortage_period,stockout_units,106.0,68.0714,51.7473,0.733,0.5572,medium,"stockout_units value 106.0000 is above its rolling baseline (z=0.73, pct_change=55.72%)."
2026-05-30,inventory_shortage_period,stockout_units,104.0,75.6429,48.9104,0.5798,0.3749,medium,"stockout_units value 104.0000 is above its rolling baseline (z=0.58, pct_change=37.49%)."
2026-06-08,latency_spike,avg_api_latency_ms,216.8,205.6614,2.905,3.8343,0.0542,medium,"avg_api_latency_ms value 216.8000 is above its rolling baseline (z=3.83, pct_change=5.42%)."
2026-06-15,revenue_drop,net_revenue,60182.65,76558.9893,11437.9824,-1.4318,-0.2139,low,"net_revenue value 60182.6500 is below its rolling baseline (z=-1.43, pct_change=-21.39%)."
2026-06-21,checkout_failure_spike,checkout_failure_rate,0.0206,0.0179,0.0009,3.0703,0.1504,medium,"checkout_failure_rate value 0.0206 is above its rolling baseline (z=3.07, pct_change=15.04%)."
2026-06-22,revenue_drop,net_revenue,61622.91,78705.6164,11736.262,-1.4555,-0.217,low,"net_revenue value 61622.9100 is below its rolling baseline (z=-1.46, pct_change=-21.70%)."
2026-06-22,shipping_delay_spike,shipping_delay_rate,0.1016,0.0546,0.0047,10.0519,0.8593,high,"shipping_delay_rate value 0.1016 is above its rolling baseline (z=10.05, pct_change=85.93%)."
2026-06-22,support_ticket_spike,support_ticket_count,329.0,209.1429,18.5467,6.4625,0.5731,high,"support_ticket_count value 329.0000 is above its rolling baseline (z=6.46, pct_change=57.31%)."
2026-06-23,revenue_drop,net_revenue,49521.87,78517.7071,11984.5816,-2.4194,-0.3693,medium,"net_revenue value 49521.8700 is below its rolling baseline (z=-2.42, pct_change=-36.93%)."
2026-06-23,shipping_delay_spike,shipping_delay_rate,0.1032,0.0578,0.013,3.4912,0.7839,high,"shipping_delay_rate value 0.1032 is above its rolling baseline (z=3.49, pct_change=78.39%)."
2026-06-23,support_ticket_spike,support_ticket_count,312.0,216.1429,35.8745,2.672,0.4435,medium,"support_ticket_count value 312.0000 is above its rolling baseline (z=2.67, pct_change=44.35%)."
2026-06-24,shipping_delay_spike,shipping_delay_rate,0.0977,0.0613,0.0174,2.0907,0.5936,medium,"shipping_delay_rate value 0.0977 is above its rolling baseline (z=2.09, pct_change=59.36%)."
2026-06-24,support_ticket_spike,support_ticket_count,299.0,223.6429,43.3715,1.7375,0.337,low,"support_ticket_count value 299.0000 is above its rolling baseline (z=1.74, pct_change=33.70%)."
2026-06-25,shipping_delay_spike,shipping_delay_rate,0.0965,0.065,0.0192,1.6428,0.4853,medium,"shipping_delay_rate value 0.0965 is above its rolling baseline (z=1.64, pct_change=48.53%)."
2026-06-25,support_ticket_spike,support_ticket_count,306.0,230.4286,47.0436,1.6064,0.328,low,"support_ticket_count value 306.0000 is above its rolling baseline (z=1.61, pct_change=32.80%)."
2026-06-26,shipping_delay_spike,shipping_delay_rate,0.1024,0.0678,0.0206,1.675,0.5098,medium,"shipping_delay_rate value 0.1024 is above its rolling baseline (z=1.67, pct_change=50.98%)."
2026-06-26,support_ticket_spike,support_ticket_count,327.0,235.6429,50.9252,1.7939,0.3877,medium,"support_ticket_count value 327.0000 is above its rolling baseline (z=1.79, pct_change=38.77%)."
2026-06-27,shipping_delay_spike,shipping_delay_rate,0.1083,0.0713,0.022,1.6802,0.5182,medium,"shipping_delay_rate value 0.1083 is above its rolling baseline (z=1.68, pct_change=51.82%)."
2026-06-27,support_ticket_spike,support_ticket_count,314.0,244.8571,54.8034,1.2617,0.2824,low,"support_ticket_count value 314.0000 is above its rolling baseline (z=1.26, pct_change=28.24%)."
2026-06-28,shipping_delay_spike,shipping_delay_rate,0.1033,0.0756,0.023,1.2069,0.3668,medium,"shipping_delay_rate value 0.1033 is above its rolling baseline (z=1.21, pct_change=36.68%)."
2026-06-28,support_ticket_spike,support_ticket_count,321.0,252.0,56.7966,1.2149,0.2738,low,"support_ticket_count value 321.0000 is above its rolling baseline (z=1.21, pct_change=27.38%)."
2026-06-29,revenue_drop,net_revenue,58806.9,75481.265,12568.6014,-1.3267,-0.2209,low,"net_revenue value 58806.9000 is below its rolling baseline (z=-1.33, pct_change=-22.09%)."
2026-07-11,checkout_failure_spike,checkout_failure_rate,0.0205,0.0175,0.0008,3.7017,0.1686,medium,"checkout_failure_rate value 0.0205 is above its rolling baseline (z=3.70, pct_change=16.86%)."
2026-07-13,revenue_drop,net_revenue,57601.79,77717.6479,11381.8048,-1.7674,-0.2588,low,"net_revenue value 57601.7900 is below its rolling baseline (z=-1.77, pct_change=-25.88%)."
2026-07-14,revenue_drop,net_revenue,59864.68,77631.5686,11528.1158,-1.5412,-0.2289,low,"net_revenue value 59864.6800 is below its rolling baseline (z=-1.54, pct_change=-22.89%)."
2026-07-20,revenue_drop,net_revenue,55466.06,78948.1414,14861.5911,-1.5801,-0.2974,low,"net_revenue value 55466.0600 is below its rolling baseline (z=-1.58, pct_change=-29.74%)."
2026-07-21,revenue_drop,net_revenue,65717.59,78219.3529,15720.2685,-0.7953,-0.1598,low,"net_revenue value 65717.5900 is below its rolling baseline (z=-0.80, pct_change=-15.98%)."
2026-08-01,shipping_delay_spike,shipping_delay_rate,0.0621,0.0547,0.0032,2.3058,0.1353,low,"shipping_delay_rate value 0.0621 is above its rolling baseline (z=2.31, pct_change=13.53%)."
2026-08-02,support_ticket_spike,support_ticket_count,234.0,206.2857,11.8287,2.343,0.1343,low,"support_ticket_count value 234.0000 is above its rolling baseline (z=2.34, pct_change=13.43%)."
2026-08-03,checkout_failure_spike,checkout_failure_rate,0.0682,0.0178,0.0008,64.0098,2.8407,high,"checkout_failure_rate value 0.0682 is above its rolling baseline (z=64.01, pct_change=284.07%)."
2026-08-03,latency_spike,avg_api_latency_ms,392.15,208.255,4.2633,43.1339,0.883,high,"avg_api_latency_ms value 392.1500 is above its rolling baseline (z=43.13, pct_change=88.30%)."
2026-08-03,revenue_drop,net_revenue,38432.38,76589.3729,10169.5521,-3.7521,-0.4982,medium,"net_revenue value 38432.3800 is below its rolling baseline (z=-3.75, pct_change=-49.82%)."
2026-08-03,support_ticket_spike,support_ticket_count,319.0,208.1429,13.8247,8.0188,0.5326,high,"support_ticket_count value 319.0000 is above its rolling baseline (z=8.02, pct_change=53.26%)."
2026-08-04,checkout_failure_spike,checkout_failure_rate,0.1013,0.0213,0.013,6.1398,3.7575,high,"checkout_failure_rate value 0.1013 is above its rolling baseline (z=6.14, pct_change=375.75%)."
2026-08-04,latency_spike,avg_api_latency_ms,509.74,221.5529,47.5026,6.0668,1.3008,high,"avg_api_latency_ms value 509.7400 is above its rolling baseline (z=6.07, pct_change=130.08%)."
2026-08-04,revenue_drop,net_revenue,37153.12,75372.6814,13193.3806,-2.8969,-0.5071,medium,"net_revenue value 37153.1200 is below its rolling baseline (z=-2.90, pct_change=-50.71%)."
2026-08-04,support_ticket_spike,support_ticket_count,327.0,216.1429,31.6992,3.4972,0.5129,medium,"support_ticket_count value 327.0000 is above its rolling baseline (z=3.50, pct_change=51.29%)."
2026-08-14,shipping_delay_spike,shipping_delay_rate,0.0601,0.0544,0.0027,2.0837,0.1045,low,"shipping_delay_rate value 0.0601 is above its rolling baseline (z=2.08, pct_change=10.45%)."
2026-08-17,revenue_drop,net_revenue,50088.55,69216.1257,14862.5498,-1.287,-0.2763,low,"net_revenue value 50088.5500 is below its rolling baseline (z=-1.29, pct_change=-27.63%)."
2026-08-18,revenue_drop,net_revenue,58680.46,70048.7093,13365.8836,-0.8505,-0.1623,low,"net_revenue value 58680.4600 is below its rolling baseline (z=-0.85, pct_change=-16.23%)."
2026-08-18,shipping_delay_spike,shipping_delay_rate,0.0647,0.0538,0.0033,3.2647,0.2026,medium,"shipping_delay_rate value 0.0647 is above its rolling baseline (z=3.26, pct_change=20.26%)."
2026-08-23,support_ticket_spike,support_ticket_count,252.0,211.5,12.391,3.2685,0.1915,medium,"support_ticket_count value 252.0000 is above its rolling baseline (z=3.27, pct_change=19.15%)."
2026-08-24,revenue_drop,net_revenue,61759.31,75530.0843,11517.1684,-1.1957,-0.1823,low,"net_revenue value 61759.3100 is below its rolling baseline (z=-1.20, pct_change=-18.23%)."
2026-09-01,revenue_drop,net_revenue,61040.5,75854.1807,9423.7269,-1.572,-0.1953,low,"net_revenue value 61040.5000 is below its rolling baseline (z=-1.57, pct_change=-19.53%)."
2026-09-07,revenue_drop,net_revenue,59803.62,75633.2814,8805.794,-1.7976,-0.2093,low,"net_revenue value 59803.6200 is below its rolling baseline (z=-1.80, pct_change=-20.93%)."
2026-09-08,revenue_drop,net_revenue,57848.64,75493.5893,9037.2483,-1.9525,-0.2337,low,"net_revenue value 57848.6400 is below its rolling baseline (z=-1.95, pct_change=-23.37%)."
2026-09-09,inventory_shortage_period,stockout_units,98.0,0.0,0.0,0.0,0.0,low,"stockout_units value 98.0000 is above its rolling baseline (z=0.00, pct_change=0.00%)."
2026-09-09,revenue_drop,net_revenue,42039.94,75012.4857,9755.9235,-3.3797,-0.4396,medium,"net_revenue value 42039.9400 is below its rolling baseline (z=-3.38, pct_change=-43.96%)."
2026-09-09,support_ticket_spike,support_ticket_count,298.0,209.8571,10.5753,8.3348,0.42,high,"support_ticket_count value 298.0000 is above its rolling baseline (z=8.33, pct_change=42.00%)."
2026-09-10,inventory_shortage_period,stockout_units,119.0,7.0,25.2389,4.4376,16.0,high,"stockout_units value 119.0000 is above its rolling baseline (z=4.44, pct_change=1600.00%)."
2026-09-10,revenue_drop,net_revenue,49656.19,72209.6143,12734.6901,-1.771,-0.3123,low,"net_revenue value 49656.1900 is below its rolling baseline (z=-1.77, pct_change=-31.23%)."
2026-09-11,checkout_failure_spike,checkout_failure_rate,0.0197,0.0177,0.0008,2.5582,0.1103,medium,"checkout_failure_rate value 0.0197 is above its rolling baseline (z=2.56, pct_change=11.03%)."
2026-09-11,inventory_shortage_period,stockout_units,116.0,15.5,38.1739,2.6327,6.4839,high,"stockout_units value 116.0000 is above its rolling baseline (z=2.63, pct_change=648.39%)."
2026-09-11,revenue_drop,net_revenue,52901.05,70522.4057,13984.8812,-1.26,-0.2499,low,"net_revenue value 52901.0500 is below its rolling baseline (z=-1.26, pct_change=-24.99%)."
2026-09-11,support_ticket_spike,support_ticket_count,298.0,220.4286,26.7414,2.9008,0.3519,medium,"support_ticket_count value 298.0000 is above its rolling baseline (z=2.90, pct_change=35.19%)."
2026-09-12,inventory_shortage_period,stockout_units,134.0,23.7857,45.748,2.4092,4.6336,high,"stockout_units value 134.0000 is above its rolling baseline (z=2.41, pct_change=463.36%)."
2026-09-12,revenue_drop,net_revenue,49772.94,68484.9043,14321.7596,-1.3065,-0.2732,low,"net_revenue value 49772.9400 is below its rolling baseline (z=-1.31, pct_change=-27.32%)."
2026-09-13,inventory_shortage_period,stockout_units,130.0,33.3571,53.1838,1.8171,2.8972,high,"stockout_units value 130.0000 is above its rolling baseline (z=1.82, pct_change=289.72%)."
2026-09-14,inventory_shortage_period,stockout_units,143.0,42.6429,57.7057,1.7391,2.3534,high,"stockout_units value 143.0000 is above its rolling baseline (z=1.74, pct_change=235.34%)."
2026-09-14,revenue_drop,net_revenue,38881.43,64542.0207,13995.6821,-1.8335,-0.3976,medium,"net_revenue value 38881.4300 is below its rolling baseline (z=-1.83, pct_change=-39.76%)."
2026-09-15,inventory_shortage_period,stockout_units,108.0,52.8571,61.7667,0.8928,1.0432,high,"stockout_units value 108.0000 is above its rolling baseline (z=0.89, pct_change=104.32%)."
2026-09-15,revenue_drop,net_revenue,34990.13,62376.9229,15384.4001,-1.7802,-0.4391,medium,"net_revenue value 34990.1300 is below its rolling baseline (z=-1.78, pct_change=-43.91%)."
2026-09-16,inventory_shortage_period,stockout_units,124.0,60.5714,61.4267,1.0326,1.0472,high,"stockout_units value 124.0000 is above its rolling baseline (z=1.03, pct_change=104.72%)."
2026-09-17,inventory_shortage_period,stockout_units,127.0,69.4286,60.9926,0.9439,0.8292,high,"stockout_units value 127.0000 is above its rolling baseline (z=0.94, pct_change=82.92%)."
2026-09-18,inventory_shortage_period,stockout_units,131.0,78.5,59.4159,0.8836,0.6688,medium,"stockout_units value 131.0000 is above its rolling baseline (z=0.88, pct_change=66.88%)."
2026-09-19,inventory_shortage_period,stockout_units,113.0,87.8571,56.5633,0.4445,0.2862,low,"stockout_units value 113.0000 is above its rolling baseline (z=0.44, pct_change=28.62%)."
2026-09-20,inventory_shortage_period,stockout_units,137.0,95.9286,51.2647,0.8012,0.4281,medium,"stockout_units value 137.0000 is above its rolling baseline (z=0.80, pct_change=42.81%)."
2026-09-21,inventory_shortage_period,stockout_units,120.0,105.7143,44.6709,0.3198,0.1351,low,"stockout_units value 120.0000 is above its rolling baseline (z=0.32, pct_change=13.51%)."
2026-09-21,revenue_drop,net_revenue,43844.65,53264.7179,10408.336,-0.9051,-0.1769,low,"net_revenue value 43844.6500 is below its rolling baseline (z=-0.91, pct_change=-17.69%)."
2026-09-22,inventory_shortage_period,stockout_units,116.0,114.2857,33.7394,0.0508,0.015,low,"stockout_units value 116.0000 is above its rolling baseline (z=0.05, pct_change=1.50%)."
2026-09-22,revenue_drop,net_revenue,32242.51,52124.7914,10503.2539,-1.893,-0.3814,medium,"net_revenue value 32242.5100 is below its rolling baseline (z=-1.89, pct_change=-38.14%)."
2026-09-23,inventory_shortage_period,stockout_units,128.0,122.5714,11.703,0.4639,0.0443,low,"stockout_units value 128.0000 is above its rolling baseline (z=0.46, pct_change=4.43%)."
2026-09-28,shipping_delay_spike,shipping_delay_rate,0.0609,0.0541,0.0034,2.0088,0.1266,low,"shipping_delay_rate value 0.0609 is above its rolling baseline (z=2.01, pct_change=12.66%)."
2026-10-02,shipping_delay_spike,shipping_delay_rate,0.0617,0.0545,0.0032,2.21,0.1314,low,"shipping_delay_rate value 0.0617 is above its rolling baseline (z=2.21, pct_change=13.14%)."
2026-10-03,checkout_failure_spike,checkout_failure_rate,0.0197,0.0175,0.0009,2.5971,0.1266,medium,"checkout_failure_rate value 0.0197 is above its rolling baseline (z=2.60, pct_change=12.66%)."
2026-10-05,revenue_drop,net_revenue,54612.97,70124.1643,18166.9836,-0.8538,-0.2212,low,"net_revenue value 54612.9700 is below its rolling baseline (z=-0.85, pct_change=-22.12%)."
2026-10-05,shipping_delay_spike,shipping_delay_rate,0.1635,0.0559,0.0038,28.5661,1.9226,high,"shipping_delay_rate value 0.1635 is above its rolling baseline (z=28.57, pct_change=192.26%)."
2026-10-05,support_ticket_spike,support_ticket_count,346.0,231.2857,30.4101,3.7722,0.496,medium,"support_ticket_count value 346.0000 is above its rolling baseline (z=3.77, pct_change=49.60%)."
2026-10-06,revenue_drop,net_revenue,52574.77,70893.33,17242.4968,-1.0624,-0.2584,low,"net_revenue value 52574.7700 is below its rolling baseline (z=-1.06, pct_change=-25.84%)."
2026-10-06,shipping_delay_spike,shipping_delay_rate,0.1624,0.0634,0.028,3.5346,1.5595,high,"shipping_delay_rate value 0.1624 is above its rolling baseline (z=3.53, pct_change=155.95%)."
2026-10-06,support_ticket_spike,support_ticket_count,357.0,234.0714,38.046,3.2311,0.5252,medium,"support_ticket_count value 357.0000 is above its rolling baseline (z=3.23, pct_change=52.52%)."
2026-10-07,revenue_drop,net_revenue,54648.69,72345.6343,14575.9265,-1.2141,-0.2446,low,"net_revenue value 54648.6900 is below its rolling baseline (z=-1.21, pct_change=-24.46%)."
2026-10-07,shipping_delay_spike,shipping_delay_rate,0.1645,0.071,0.0377,2.4788,1.3176,high,"shipping_delay_rate value 0.1645 is above its rolling baseline (z=2.48, pct_change=131.76%)."
2026-10-07,support_ticket_spike,support_ticket_count,359.0,239.5,48.3747,2.4703,0.499,medium,"support_ticket_count value 359.0000 is above its rolling baseline (z=2.47, pct_change=49.90%)."
2026-10-08,revenue_drop,net_revenue,61073.85,72776.6464,13943.309,-0.8393,-0.1608,low,"net_revenue value 61073.8500 is below its rolling baseline (z=-0.84, pct_change=-16.08%)."
2026-10-08,shipping_delay_spike,shipping_delay_rate,0.1636,0.0791,0.0442,1.9119,1.069,high,"shipping_delay_rate value 0.1636 is above its rolling baseline (z=1.91, pct_change=106.90%)."
2026-10-08,support_ticket_spike,support_ticket_count,314.0,246.0,57.0952,1.191,0.2764,low,"support_ticket_count value 314.0000 is above its rolling baseline (z=1.19, pct_change=27.64%)."
2026-10-09,shipping_delay_spike,shipping_delay_rate,0.1515,0.0868,0.0486,1.3303,0.7451,medium,"shipping_delay_rate value 0.1515 is above its rolling baseline (z=1.33, pct_change=74.51%)."
2026-10-09,support_ticket_spike,support_ticket_count,356.0,252.7143,59.1335,1.7467,0.4087,medium,"support_ticket_count value 356.0000 is above its rolling baseline (z=1.75, pct_change=40.87%)."
2026-10-10,shipping_delay_spike,shipping_delay_rate,0.1682,0.0938,0.0503,1.4775,0.7926,high,"shipping_delay_rate value 0.1682 is above its rolling baseline (z=1.48, pct_change=79.26%)."
2026-10-10,support_ticket_spike,support_ticket_count,355.0,261.9286,64.2389,1.4488,0.3553,medium,"support_ticket_count value 355.0000 is above its rolling baseline (z=1.45, pct_change=35.53%)."
2026-10-11,shipping_delay_spike,shipping_delay_rate,0.1456,0.1022,0.0522,0.8309,0.4246,medium,"shipping_delay_rate value 0.1456 is above its rolling baseline (z=0.83, pct_change=42.46%)."
2026-10-12,revenue_drop,net_revenue,44608.19,69790.4357,13298.4484,-1.8936,-0.3608,medium,"net_revenue value 44608.1900 is below its rolling baseline (z=-1.89, pct_change=-36.08%)."
2026-10-12,shipping_delay_spike,shipping_delay_rate,0.1555,0.1089,0.0514,0.9076,0.4282,medium,"shipping_delay_rate value 0.1555 is above its rolling baseline (z=0.91, pct_change=42.82%)."
2026-10-13,revenue_drop,net_revenue,55787.76,68503.9071,14724.6987,-0.8636,-0.1856,low,"net_revenue value 55787.7600 is below its rolling baseline (z=-0.86, pct_change=-18.56%)."
2026-10-13,shipping_delay_spike,shipping_delay_rate,0.158,0.1156,0.0508,0.8335,0.3664,medium,"shipping_delay_rate value 0.1580 is above its rolling baseline (z=0.83, pct_change=36.64%)."
2026-10-13,support_ticket_spike,support_ticket_count,374.0,288.4286,64.6835,1.3229,0.2967,low,"support_ticket_count value 374.0000 is above its rolling baseline (z=1.32, pct_change=29.67%)."
2026-10-14,revenue_drop,net_revenue,46216.55,68414.8871,14797.3601,-1.5002,-0.3245,low,"net_revenue value 46216.5500 is below its rolling baseline (z=-1.50, pct_change=-32.45%)."
2026-10-21,revenue_drop,net_revenue,54860.75,66560.7121,14439.8466,-0.8103,-0.1758,low,"net_revenue value 54860.7500 is below its rolling baseline (z=-0.81, pct_change=-17.58%)."
2026-11-07,support_ticket_spike,support_ticket_count,239.0,215.3571,10.9192,2.1652,0.1098,low,"support_ticket_count value 239.0000 is above its rolling baseline (z=2.17, pct_change=10.98%)."
2026-11-08,shipping_delay_spike,shipping_delay_rate,0.061,0.0542,0.0032,2.1,0.1258,low,"shipping_delay_rate value 0.0610 is above its rolling baseline (z=2.10, pct_change=12.58%)."
2026-11-09,revenue_drop,net_revenue,67805.4,82894.0614,15908.9107,-0.9484,-0.182,low,"net_revenue value 67805.4000 is below its rolling baseline (z=-0.95, pct_change=-18.20%)."
2026-11-16,checkout_failure_spike,checkout_failure_rate,0.1139,0.0184,0.0013,76.0342,5.1926,high,"checkout_failure_rate value 0.1139 is above its rolling baseline (z=76.03, pct_change=519.26%)."
2026-11-16,latency_spike,avg_api_latency_ms,551.08,206.5414,3.8422,89.6716,1.6681,high,"avg_api_latency_ms value 551.0800 is above its rolling baseline (z=89.67, pct_change=166.81%)."
2026-11-16,revenue_drop,net_revenue,44661.09,95688.0557,16365.4937,-3.118,-0.5333,medium,"net_revenue value 44661.0900 is below its rolling baseline (z=-3.12, pct_change=-53.33%)."
2026-11-16,support_ticket_spike,support_ticket_count,360.0,212.2143,12.5367,11.7883,0.6964,high,"support_ticket_count value 360.0000 is above its rolling baseline (z=11.79, pct_change=69.64%)."
2026-11-17,checkout_failure_spike,checkout_failure_rate,0.148,0.0252,0.0246,4.9851,4.8747,high,"checkout_failure_rate value 0.1480 is above its rolling baseline (z=4.99, pct_change=487.47%)."
2026-11-17,latency_spike,avg_api_latency_ms,617.96,230.5879,88.9446,4.3552,1.6799,high,"avg_api_latency_ms value 617.9600 is above its rolling baseline (z=4.36, pct_change=167.99%)."
2026-11-17,revenue_drop,net_revenue,48205.41,92685.9829,20952.7111,-2.1229,-0.4799,medium,"net_revenue value 48205.4100 is below its rolling baseline (z=-2.12, pct_change=-47.99%)."
2026-11-17,support_ticket_spike,support_ticket_count,401.0,223.2143,39.9181,4.4538,0.7965,high,"support_ticket_count value 401.0000 is above its rolling baseline (z=4.45, pct_change=79.65%)."
2026-11-18,checkout_failure_spike,checkout_failure_rate,0.1391,0.0344,0.04,2.6202,3.0444,high,"checkout_failure_rate value 0.1391 is above its rolling baseline (z=2.62, pct_change=304.44%)."
2026-11-18,latency_spike,avg_api_latency_ms,631.56,260.2257,133.0296,2.7914,1.427,high,"avg_api_latency_ms value 631.5600 is above its rolling baseline (z=2.79, pct_change=142.70%)."
2026-11-18,revenue_drop,net_revenue,56544.32,90545.4536,23679.3593,-1.4359,-0.3755,medium,"net_revenue value 56544.3200 is below its rolling baseline (z=-1.44, pct_change=-37.55%)."
2026-11-18,support_ticket_spike,support_ticket_count,365.0,236.5714,60.5531,2.1209,0.5429,medium,"support_ticket_count value 365.0000 is above its rolling baseline (z=2.12, pct_change=54.29%)."
2026-11-19,checkout_failure_spike,checkout_failure_rate,0.086,0.043,0.0478,0.8988,0.9993,high,"checkout_failure_rate value 0.0860 is above its rolling baseline (z=0.90, pct_change=99.93%)."
2026-11-19,latency_spike,avg_api_latency_ms,445.12,290.1964,162.7314,0.952,0.5339,medium,"avg_api_latency_ms value 445.1200 is above its rolling baseline (z=0.95, pct_change=53.39%)."
2026-11-19,revenue_drop,net_revenue,49536.54,87826.3071,25193.5273,-1.5198,-0.436,medium,"net_revenue value 49536.5400 is below its rolling baseline (z=-1.52, pct_change=-43.60%)."
2026-11-19,support_ticket_spike,support_ticket_count,329.0,248.0,68.1396,1.1887,0.3266,low,"support_ticket_count value 329.0000 is above its rolling baseline (z=1.19, pct_change=32.66%)."
2026-11-27,shipping_delay_spike,shipping_delay_rate,0.0661,0.0546,0.004,2.8386,0.2097,medium,"shipping_delay_rate value 0.0661 is above its rolling baseline (z=2.84, pct_change=20.97%)."
2026-12-02,revenue_drop,net_revenue,75858.75,93158.5371,21450.9397,-0.8065,-0.1857,low,"net_revenue value 75858.7500 is below its rolling baseline (z=-0.81, pct_change=-18.57%)."
2026-12-16,latency_spike,avg_api_latency_ms,212.02,205.6221,2.4016,2.664,0.0311,medium,"avg_api_latency_ms value 212.0200 is above its rolling baseline (z=2.66, pct_change=3.11%)."
2026-12-19,support_ticket_spike,support_ticket_count,246.0,212.1429,13.065,2.5914,0.1596,medium,"support_ticket_count value 246.0000 is above its rolling baseline (z=2.59, pct_change=15.96%)."
2026-12-21,checkout_failure_spike,checkout_failure_rate,0.0194,0.0172,0.0007,3.0245,0.1265,medium,"checkout_failure_rate value 0.0194 is above its rolling baseline (z=3.02, pct_change=12.65%)."
2026-12-22,revenue_drop,net_revenue,78900.95,106800.7043,12597.5443,-2.2147,-0.2612,low,"net_revenue value 78900.9500 is below its rolling baseline (z=-2.21, pct_change=-26.12%)."
2026-12-24,revenue_drop,net_revenue,90177.0,106240.1507,13609.893,-1.1803,-0.1512,low,"net_revenue value 90177.0000 is below its rolling baseline (z=-1.18, pct_change=-15.12%)."
2026-12-26,latency_spike,avg_api_latency_ms,218.72,206.3579,2.4154,5.118,0.0599,high,"avg_api_latency_ms value 218.7200 is above its rolling baseline (z=5.12, pct_change=5.99%)."
2026-12-28,revenue_drop,net_revenue,86278.09,103268.3836,12837.4188,-1.3235,-0.1645,low,"net_revenue value 86278.0900 is below its rolling baseline (z=-1.32, pct_change=-16.45%)."
2026-12-29,support_ticket_spike,support_ticket_count,242.0,215.0714,12.4468,2.1635,0.1252,low,"support_ticket_count value 242.0000 is above its rolling baseline (z=2.16, pct_change=12.52%)."
2026-12-31,shipping_delay_spike,shipping_delay_rate,0.0665,0.0554,0.0035,3.1734,0.2013,medium,"shipping_delay_rate value 0.0665 is above its rolling baseline (z=3.17, pct_change=20.13%)."
