date,sku,warehouse,on_hand_units,units_demanded,units_received,stockout_units,reorder_point,incident_flag,incident_type
2025-01-01,NSC-CORE-TEE,WH-Northstar-01,1910,56,765,0,220,False,normal
2025-01-02,NSC-CORE-TEE,WH-Northstar-01,1884,26,0,0,220,False,normal
2025-01-03,NSC-CORE-TEE,WH-Northstar-01,1848,36,0,0,220,False,normal
2025-01-04,NSC-CORE-TEE,WH-Northstar-01,1822,26,0,0,220,False,normal
2025-01-05,NSC-CORE-TEE,WH-Northstar-01,1783,39,0,0,220,False,normal
2025-01-06,NSC-CORE-TEE,WH-Northstar-01,1740,43,0,0,220,False,normal
2025-01-07,NSC-CORE-TEE,WH-Northstar-01,1699,41,0,0,220,False,normal
2025-01-08,NSC-CORE-TEE,WH-Northstar-01,1660,39,0,0,220,False,normal
2025-01-09,NSC-CORE-TEE,WH-Northstar-01,1601,59,0,0,220,False,normal
2025-01-10,NSC-CORE-TEE,WH-Northstar-01,1557,44,0,0,220,False,normal
2025-01-11,NSC-CORE-TEE,WH-Northstar-01,1517,40,0,0,220,False,normal
2025-01-12,NSC-CORE-TEE,WH-Northstar-01,1468,49,0,0,220,False,normal
2025-01-13,NSC-CORE-TEE,WH-Northstar-01,1419,49,0,0,220,False,normal
2025-01-14,NSC-CORE-TEE,WH-Northstar-01,1373,46,0,0,220,False,normal
2025-01-15,NSC-CORE-TEE,WH-Northstar-01,1309,64,0,0,220,False,normal
2025-01-16,NSC-CORE-TEE,WH-Northstar-01,1272,37,0,0,220,False,normal
2025-01-17,NSC-CORE-TEE,WH-Northstar-01,1219,53,0,0,220,False,normal
2025-01-18,NSC-CORE-TEE,WH-Northstar-01,1167,52,0,0,220,False,normal
2025-01-19,NSC-CORE-TEE,WH-Northstar-01,1136,31,0,0,220,False,normal
2025-01-20,NSC-CORE-TEE,WH-Northstar-01,1089,47,0,0,220,False,normal
2025-01-21,NSC-CORE-TEE,WH-Northstar-01,1054,35,0,0,220,False,normal
2025-01-22,NSC-CORE-TEE,WH-Northstar-01,1839,43,828,0,220,False,normal
2025-01-23,NSC-CORE-TEE,WH-Northstar-01,1795,44,0,0,220,False,normal
2025-01-24,NSC-CORE-TEE,WH-Northstar-01,1770,25,0,0,220,False,normal
2025-01-25,NSC-CORE-TEE,WH-Northstar-01,1721,49,0,0,220,False,normal
2025-01-26,NSC-CORE-TEE,WH-Northstar-01,1691,30,0,0,220,False,normal
2025-01-27,NSC-CORE-TEE,WH-Northstar-01,1652,39,0,0,220,False,normal
2025-01-28,NSC-CORE-TEE,WH-Northstar-01,1600,52,0,0,220,False,normal
2025-01-29,NSC-CORE-TEE,WH-Northstar-01,1567,33,0,0,220,False,normal
2025-01-30,NSC-CORE-TEE,WH-Northstar-01,1521,46,0,0,220,False,normal
2025-01-31,NSC-CORE-TEE,WH-Northstar-01,1484,37,0,0,220,False,normal
2025-02-01,NSC-CORE-TEE,WH-Northstar-01,1460,24,0,0,220,False,normal
2025-02-02,NSC-CORE-TEE,WH-Northstar-01,1423,37,0,0,220,False,normal
2025-02-03,NSC-CORE-TEE,WH-Northstar-01,1386,37,0,0,220,False,normal
2025-02-04,NSC-CORE-TEE,WH-Northstar-01,1354,32,0,0,220,False,normal
2025-02-05,NSC-CORE-TEE,WH-Northstar-01,1311,43,0,0,220,False,normal
2025-02-06,NSC-CORE-TEE,WH-Northstar-01,1268,43,0,0,220,False,normal
2025-02-07,NSC-CORE-TEE,WH-Northstar-01,1229,39,0,0,220,False,normal
2025-02-08,NSC-CORE-TEE,WH-Northstar-01,1190,39,0,0,220,False,normal
2025-02-09,NSC-CORE-TEE,WH-Northstar-01,1142,48,0,0,220,False,normal
2025-02-10,NSC-CORE-TEE,WH-Northstar-01,1111,31,0,0,220,False,normal
2025-02-11,NSC-CORE-TEE,WH-Northstar-01,1059,52,0,0,220,False,normal
2025-02-12,NSC-CORE-TEE,WH-Northstar-01,1762,37,740,0,220,False,normal
2025-02-13,NSC-CORE-TEE,WH-Northstar-01,1727,35,0,0,220,False,normal
2025-02-14,NSC-CORE-TEE,WH-Northstar-01,1694,33,0,0,220,False,normal
2025-02-15,NSC-CORE-TEE,WH-Northstar-01,1643,51,0,0,220,False,normal
2025-02-16,NSC-CORE-TEE,WH-Northstar-01,1607,36,0,0,220,False,normal
2025-02-17,NSC-CORE-TEE,WH-Northstar-01,1560,47,0,0,220,False,normal
2025-02-18,NSC-CORE-TEE,WH-Northstar-01,1514,46,0,0,220,False,normal
2025-02-19,NSC-CORE-TEE,WH-Northstar-01,1474,40,0,0,220,False,normal
2025-02-20,NSC-CORE-TEE,WH-Northstar-01,1422,52,0,0,220,False,normal
2025-02-21,NSC-CORE-TEE,WH-Northstar-01,1379,43,0,0,220,False,normal
2025-02-22,NSC-CORE-TEE,WH-Northstar-01,1354,25,0,0,220,False,normal
2025-02-23,NSC-CORE-TEE,WH-Northstar-01,1317,37,0,0,220,False,normal
2025-02-24,NSC-CORE-TEE,WH-Northstar-01,1252,65,0,0,220,False,normal
2025-02-25,NSC-CORE-TEE,WH-Northstar-01,1209,43,0,0,220,False,normal
2025-02-26,NSC-CORE-TEE,WH-Northstar-01,1167,42,0,0,220,False,normal
2025-02-27,NSC-CORE-TEE,WH-Northstar-01,1116,51,0,0,220,False,normal
2025-02-28,NSC-CORE-TEE,WH-Northstar-01,1062,54,0,0,220,False,normal
2025-03-01,NSC-CORE-TEE,WH-Northstar-01,1027,35,0,0,220,False,normal
2025-03-02,NSC-CORE-TEE,WH-Northstar-01,984,43,0,0,220,False,normal
2025-03-03,NSC-CORE-TEE,WH-Northstar-01,942,42,0,0,220,False,normal
2025-03-04,NSC-CORE-TEE,WH-Northstar-01,911,31,0,0,220,False,normal
2025-03-05,NSC-CORE-TEE,WH-Northstar-01,1642,41,772,0,220,False,normal
2025-03-06,NSC-CORE-TEE,WH-Northstar-01,1601,41,0,0,220,False,normal
2025-03-07,NSC-CORE-TEE,WH-Northstar-01,1542,59,0,0,220,False,normal
2025-03-08,NSC-CORE-TEE,WH-Northstar-01,1493,49,0,0,220,False,normal
2025-03-09,NSC-CORE-TEE,WH-Northstar-01,1448,45,0,0,220,False,normal
2025-03-10,NSC-CORE-TEE,WH-Northstar-01,1405,43,0,0,220,False,normal
2025-03-11,NSC-CORE-TEE,WH-Northstar-01,1356,49,0,0,220,False,normal
2025-03-12,NSC-CORE-TEE,WH-Northstar-01,1315,41,0,0,220,False,normal
2025-03-13,NSC-CORE-TEE,WH-Northstar-01,1285,30,0,0,220,False,normal
2025-03-14,NSC-CORE-TEE,WH-Northstar-01,1252,33,0,0,220,False,normal
2025-03-15,NSC-CORE-TEE,WH-Northstar-01,1207,45,0,0,220,False,normal
2025-03-16,NSC-CORE-TEE,WH-Northstar-01,1154,53,0,0,220,False,normal
2025-03-17,NSC-CORE-TEE,WH-Northstar-01,1115,39,0,0,220,False,normal
2025-03-18,NSC-CORE-TEE,WH-Northstar-01,1065,50,0,0,220,False,normal
2025-03-19,NSC-CORE-TEE,WH-Northstar-01,1019,46,0,0,220,False,normal
2025-03-20,NSC-CORE-TEE,WH-Northstar-01,967,52,0,0,220,False,normal
2025-03-21,NSC-CORE-TEE,WH-Northstar-01,934,33,0,0,220,False,normal
2025-03-22,NSC-CORE-TEE,WH-Northstar-01,901,33,0,0,220,False,normal
2025-03-23,NSC-CORE-TEE,WH-Northstar-01,844,57,0,0,220,False,normal
2025-03-24,NSC-CORE-TEE,WH-Northstar-01,816,28,0,0,220,False,normal
2025-03-25,NSC-CORE-TEE,WH-Northstar-01,770,46,0,0,220,False,normal
2025-03-26,NSC-CORE-TEE,WH-Northstar-01,1498,55,783,0,220,False,normal
2025-03-27,NSC-CORE-TEE,WH-Northstar-01,1444,54,0,0,220,False,normal
2025-03-28,NSC-CORE-TEE,WH-Northstar-01,1391,53,0,0,220,False,normal
2025-03-29,NSC-CORE-TEE,WH-Northstar-01,1342,49,0,0,220,False,normal
2025-03-30,NSC-CORE-TEE,WH-Northstar-01,1296,46,0,0,220,False,normal
2025-03-31,NSC-CORE-TEE,WH-Northstar-01,1263,33,0,0,220,False,normal
2025-04-01,NSC-CORE-TEE,WH-Northstar-01,1232,31,0,0,220,False,normal
2025-04-02,NSC-CORE-TEE,WH-Northstar-01,1191,41,0,0,220,False,normal
2025-04-03,NSC-CORE-TEE,WH-Northstar-01,1164,27,0,0,220,False,normal
2025-04-04,NSC-CORE-TEE,WH-Northstar-01,1117,47,0,0,220,False,normal
2025-04-05,NSC-CORE-TEE,WH-Northstar-01,1055,62,0,0,220,False,normal
2025-04-06,NSC-CORE-TEE,WH-Northstar-01,1012,43,0,0,220,False,normal
2025-04-07,NSC-CORE-TEE,WH-Northstar-01,966,46,0,0,220,False,normal
2025-04-08,NSC-CORE-TEE,WH-Northstar-01,933,33,0,0,220,False,normal
2025-04-09,NSC-CORE-TEE,WH-Northstar-01,892,41,0,0,220,False,normal
2025-04-10,NSC-CORE-TEE,WH-Northstar-01,849,43,0,0,220,False,normal
2025-04-11,NSC-CORE-TEE,WH-Northstar-01,808,41,0,0,220,False,normal
2025-04-12,NSC-CORE-TEE,WH-Northstar-01,762,46,0,0,220,False,normal
2025-04-13,NSC-CORE-TEE,WH-Northstar-01,725,37,0,0,220,False,normal
2025-04-14,NSC-CORE-TEE,WH-Northstar-01,682,43,0,0,220,False,normal
2025-04-15,NSC-CORE-TEE,WH-Northstar-01,636,46,0,0,220,False,normal
2025-04-16,NSC-CORE-TEE,WH-Northstar-01,1346,54,764,0,220,False,normal
2025-04-17,NSC-CORE-TEE,WH-Northstar-01,1308,38,0,0,220,False,normal
2025-04-18,NSC-CORE-TEE,WH-Northstar-01,1267,41,0,0,220,False,normal
2025-04-19,NSC-CORE-TEE,WH-Northstar-01,1221,46,0,0,220,False,normal
2025-04-20,NSC-CORE-TEE,WH-Northstar-01,1186,35,0,0,220,False,normal
2025-04-21,NSC-CORE-TEE,WH-Northstar-01,1149,37,0,0,220,False,normal
2025-04-22,NSC-CORE-TEE,WH-Northstar-01,1105,44,0,0,220,False,normal
2025-04-23,NSC-CORE-TEE,WH-Northstar-01,1079,26,0,0,220,False,normal
2025-04-24,NSC-CORE-TEE,WH-Northstar-01,1038,41,0,0,220,False,normal
2025-04-25,NSC-CORE-TEE,WH-Northstar-01,999,39,0,0,220,False,normal
2025-04-26,NSC-CORE-TEE,WH-Northstar-01,952,47,0,0,220,False,normal
2025-04-27,NSC-CORE-TEE,WH-Northstar-01,917,35,0,0,220,False,normal
2025-04-28,NSC-CORE-TEE,WH-Northstar-01,878,39,0,0,220,False,normal
2025-04-29,NSC-CORE-TEE,WH-Northstar-01,836,42,0,0,220,False,normal
2025-04-30,NSC-CORE-TEE,WH-Northstar-01,799,37,0,0,220,False,normal
2025-05-01,NSC-CORE-TEE,WH-Northstar-01,765,34,0,0,220,False,normal
2025-05-02,NSC-CORE-TEE,WH-Northstar-01,728,37,0,0,220,False,normal
2025-05-03,NSC-CORE-TEE,WH-Northstar-01,703,25,0,0,220,False,normal
2025-05-04,NSC-CORE-TEE,WH-Northstar-01,669,34,0,0,220,False,normal
2025-05-05,NSC-CORE-TEE,WH-Northstar-01,622,47,0,0,220,False,normal
2025-05-06,NSC-CORE-TEE,WH-Northstar-01,592,30,0,0,220,False,normal
2025-05-07,NSC-CORE-TEE,WH-Northstar-01,1301,34,743,0,220,False,normal
2025-05-08,NSC-CORE-TEE,WH-Northstar-01,1253,48,0,0,220,False,normal
2025-05-09,NSC-CORE-TEE,WH-Northstar-01,1221,32,0,0,220,False,normal
2025-05-10,NSC-CORE-TEE,WH-Northstar-01,1184,37,0,0,220,False,normal
2025-05-11,NSC-CORE-TEE,WH-Northstar-01,1131,53,0,0,220,False,normal
2025-05-12,NSC-CORE-TEE,WH-Northstar-01,1087,44,0,0,220,False,normal
2025-05-13,NSC-CORE-TEE,WH-Northstar-01,1039,48,0,0,220,False,normal
2025-05-14,NSC-CORE-TEE,WH-Northstar-01,1005,34,0,0,220,False,normal
2025-05-15,NSC-CORE-TEE,WH-Northstar-01,968,37,0,0,220,False,normal
2025-05-16,NSC-CORE-TEE,WH-Northstar-01,918,50,0,0,220,False,normal
2025-05-17,NSC-CORE-TEE,WH-Northstar-01,873,45,0,0,220,False,normal
2025-05-18,NSC-CORE-TEE,WH-Northstar-01,826,47,0,0,220,False,normal
2025-05-19,NSC-CORE-TEE,WH-Northstar-01,778,48,0,0,220,False,normal
2025-05-20,NSC-CORE-TEE,WH-Northstar-01,729,49,0,0,220,False,normal
2025-05-21,NSC-CORE-TEE,WH-Northstar-01,690,39,0,0,220,False,normal
2025-05-22,NSC-CORE-TEE,WH-Northstar-01,656,34,0,0,220,False,normal
2025-05-23,NSC-CORE-TEE,WH-Northstar-01,619,37,0,0,220,False,normal
2025-05-24,NSC-CORE-TEE,WH-Northstar-01,580,39,0,0,220,False,normal
2025-05-25,NSC-CORE-TEE,WH-Northstar-01,556,24,0,0,220,False,normal
2025-05-26,NSC-CORE-TEE,WH-Northstar-01,510,46,0,0,220,False,normal
2025-05-27,NSC-CORE-TEE,WH-Northstar-01,461,49,0,0,220,False,normal
2025-05-28,NSC-CORE-TEE,WH-Northstar-01,1140,43,722,0,220,False,normal
2025-05-29,NSC-CORE-TEE,WH-Northstar-01,1097,43,0,0,220,False,normal
2025-05-30,NSC-CORE-TEE,WH-Northstar-01,1068,29,0,0,220,False,normal
2025-05-31,NSC-CORE-TEE,WH-Northstar-01,1040,28,0,0,220,False,normal
2025-06-01,NSC-CORE-TEE,WH-Northstar-01,984,56,0,0,220,False,normal
2025-06-02,NSC-CORE-TEE,WH-Northstar-01,958,26,0,0,220,False,normal
2025-06-03,NSC-CORE-TEE,WH-Northstar-01,909,49,0,0,220,False,normal
2025-06-04,NSC-CORE-TEE,WH-Northstar-01,856,53,0,0,220,False,normal
2025-06-05,NSC-CORE-TEE,WH-Northstar-01,814,42,0,0,220,False,normal
2025-06-06,NSC-CORE-TEE,WH-Northstar-01,772,42,0,0,220,False,normal
2025-06-07,NSC-CORE-TEE,WH-Northstar-01,728,44,0,0,220,False,normal
2025-06-08,NSC-CORE-TEE,WH-Northstar-01,703,25,0,0,220,False,normal
2025-06-09,NSC-CORE-TEE,WH-Northstar-01,666,37,0,0,220,False,normal
2025-06-10,NSC-CORE-TEE,WH-Northstar-01,612,54,0,0,220,False,normal
2025-06-11,NSC-CORE-TEE,WH-Northstar-01,569,43,0,0,220,False,normal
2025-06-12,NSC-CORE-TEE,WH-Northstar-01,528,41,0,0,220,False,normal
2025-06-13,NSC-CORE-TEE,WH-Northstar-01,485,43,0,0,220,False,normal
2025-06-14,NSC-CORE-TEE,WH-Northstar-01,448,37,0,0,220,False,normal
2025-06-15,NSC-CORE-TEE,WH-Northstar-01,416,32,0,0,220,False,normal
2025-06-16,NSC-CORE-TEE,WH-Northstar-01,366,50,0,0,220,False,normal
2025-06-17,NSC-CORE-TEE,WH-Northstar-01,331,35,0,0,220,False,normal
2025-06-18,NSC-CORE-TEE,WH-Northstar-01,1012,60,741,0,220,False,normal
2025-06-19,NSC-CORE-TEE,WH-Northstar-01,967,45,0,0,220,False,normal
2025-06-20,NSC-CORE-TEE,WH-Northstar-01,911,56,0,0,220,False,normal
2025-06-21,NSC-CORE-TEE,WH-Northstar-01,865,46,0,0,220,False,normal
2025-06-22,NSC-CORE-TEE,WH-Northstar-01,834,31,0,0,220,False,normal
2025-06-23,NSC-CORE-TEE,WH-Northstar-01,797,37,0,0,220,False,normal
2025-06-24,NSC-CORE-TEE,WH-Northstar-01,769,28,0,0,220,False,normal
2025-06-25,NSC-CORE-TEE,WH-Northstar-01,728,41,0,0,220,False,normal
2025-06-26,NSC-CORE-TEE,WH-Northstar-01,694,34,0,0,220,False,normal
2025-06-27,NSC-CORE-TEE,WH-Northstar-01,654,40,0,0,220,False,normal
2025-06-28,NSC-CORE-TEE,WH-Northstar-01,601,53,0,0,220,False,normal
2025-06-29,NSC-CORE-TEE,WH-Northstar-01,545,56,0,0,220,False,normal
2025-06-30,NSC-CORE-TEE,WH-Northstar-01,517,28,0,0,220,False,normal
2025-01-01,NSC-TRAVEL-MUG,WH-Northstar-01,1957,52,746,0,220,False,normal
2025-01-02,NSC-TRAVEL-MUG,WH-Northstar-01,1917,40,0,0,220,False,normal
2025-01-03,NSC-TRAVEL-MUG,WH-Northstar-01,1868,49,0,0,220,False,normal
2025-01-04,NSC-TRAVEL-MUG,WH-Northstar-01,1817,51,0,0,220,False,normal
2025-01-05,NSC-TRAVEL-MUG,WH-Northstar-01,1769,48,0,0,220,False,normal
2025-01-06,NSC-TRAVEL-MUG,WH-Northstar-01,1708,61,0,0,220,False,normal
2025-01-07,NSC-TRAVEL-MUG,WH-Northstar-01,1648,60,0,0,220,False,normal
2025-01-08,NSC-TRAVEL-MUG,WH-Northstar-01,1598,50,0,0,220,False,normal
2025-01-09,NSC-TRAVEL-MUG,WH-Northstar-01,1537,61,0,0,220,False,normal
2025-01-10,NSC-TRAVEL-MUG,WH-Northstar-01,1479,58,0,0,220,False,normal
2025-01-11,NSC-TRAVEL-MUG,WH-Northstar-01,1427,52,0,0,220,False,normal
2025-01-12,NSC-TRAVEL-MUG,WH-Northstar-01,1397,30,0,0,220,False,normal
2025-01-13,NSC-TRAVEL-MUG,WH-Northstar-01,1358,39,0,0,220,False,normal
2025-01-14,NSC-TRAVEL-MUG,WH-Northstar-01,1310,48,0,0,220,False,normal
2025-01-15,NSC-TRAVEL-MUG,WH-Northstar-01,1255,55,0,0,220,False,normal
2025-01-16,NSC-TRAVEL-MUG,WH-Northstar-01,1215,40,0,0,220,False,normal
2025-01-17,NSC-TRAVEL-MUG,WH-Northstar-01,1155,60,0,0,220,False,normal
2025-01-18,NSC-TRAVEL-MUG,WH-Northstar-01,1092,63,0,0,220,False,normal
2025-01-19,NSC-TRAVEL-MUG,WH-Northstar-01,1037,55,0,0,220,False,normal
2025-01-20,NSC-TRAVEL-MUG,WH-Northstar-01,982,55,0,0,220,False,normal
2025-01-21,NSC-TRAVEL-MUG,WH-Northstar-01,925,57,0,0,220,False,normal
2025-01-22,NSC-TRAVEL-MUG,WH-Northstar-01,1631,54,760,0,220,False,normal
2025-01-23,NSC-TRAVEL-MUG,WH-Northstar-01,1581,50,0,0,220,False,normal
2025-01-24,NSC-TRAVEL-MUG,WH-Northstar-01,1523,58,0,0,220,False,normal
2025-01-25,NSC-TRAVEL-MUG,WH-Northstar-01,1465,58,0,0,220,False,normal
2025-01-26,NSC-TRAVEL-MUG,WH-Northstar-01,1425,40,0,0,220,False,normal
2025-01-27,NSC-TRAVEL-MUG,WH-Northstar-01,1374,51,0,0,220,False,normal
2025-01-28,NSC-TRAVEL-MUG,WH-Northstar-01,1319,55,0,0,220,False,normal
2025-01-29,NSC-TRAVEL-MUG,WH-Northstar-01,1280,39,0,0,220,False,normal
2025-01-30,NSC-TRAVEL-MUG,WH-Northstar-01,1224,56,0,0,220,False,normal
2025-01-31,NSC-TRAVEL-MUG,WH-Northstar-01,1174,50,0,0,220,False,normal
2025-02-01,NSC-TRAVEL-MUG,WH-Northstar-01,1107,67,0,0,220,False,normal
2025-02-02,NSC-TRAVEL-MUG,WH-Northstar-01,1050,57,0,0,220,False,normal
2025-02-03,NSC-TRAVEL-MUG,WH-Northstar-01,998,52,0,0,220,False,normal
2025-02-04,NSC-TRAVEL-MUG,WH-Northstar-01,943,55,0,0,220,False,normal
2025-02-05,NSC-TRAVEL-MUG,WH-Northstar-01,891,52,0,0,220,False,normal
2025-02-06,NSC-TRAVEL-MUG,WH-Northstar-01,852,39,0,0,220,False,normal
2025-02-07,NSC-TRAVEL-MUG,WH-Northstar-01,801,51,0,0,220,False,normal
2025-02-08,NSC-TRAVEL-MUG,WH-Northstar-01,763,38,0,0,220,False,normal
2025-02-09,NSC-TRAVEL-MUG,WH-Northstar-01,714,49,0,0,220,False,normal
2025-02-10,NSC-TRAVEL-MUG,WH-Northstar-01,662,52,0,0,220,False,normal
2025-02-11,NSC-TRAVEL-MUG,WH-Northstar-01,621,41,0,0,220,False,normal
2025-02-12,NSC-TRAVEL-MUG,WH-Northstar-01,1409,50,838,0,220,False,normal
2025-02-13,NSC-TRAVEL-MUG,WH-Northstar-01,1362,47,0,0,220,False,normal
2025-02-14,NSC-TRAVEL-MUG,WH-Northstar-01,1319,43,0,0,220,False,normal
2025-02-15,NSC-TRAVEL-MUG,WH-Northstar-01,1259,60,0,0,220,False,normal
2025-02-16,NSC-TRAVEL-MUG,WH-Northstar-01,1206,53,0,0,220,False,normal
2025-02-17,NSC-TRAVEL-MUG,WH-Northstar-01,1155,51,0,0,220,False,normal
2025-02-18,NSC-TRAVEL-MUG,WH-Northstar-01,1100,55,0,0,220,False,normal
2025-02-19,NSC-TRAVEL-MUG,WH-Northstar-01,1048,52,0,0,220,False,normal
2025-02-20,NSC-TRAVEL-MUG,WH-Northstar-01,1003,45,0,0,220,False,normal
2025-02-21,NSC-TRAVEL-MUG,WH-Northstar-01,961,42,0,0,220,False,normal
2025-02-22,NSC-TRAVEL-MUG,WH-Northstar-01,896,65,0,0,220,False,normal
2025-02-23,NSC-TRAVEL-MUG,WH-Northstar-01,841,55,0,0,220,False,normal
2025-02-24,NSC-TRAVEL-MUG,WH-Northstar-01,777,64,0,0,220,False,normal
2025-02-25,NSC-TRAVEL-MUG,WH-Northstar-01,728,49,0,0,220,False,normal
2025-02-26,NSC-TRAVEL-MUG,WH-Northstar-01,667,61,0,0,220,False,normal
2025-02-27,NSC-TRAVEL-MUG,WH-Northstar-01,622,45,0,0,220,False,normal
2025-02-28,NSC-TRAVEL-MUG,WH-Northstar-01,583,39,0,0,220,False,normal
2025-03-01,NSC-TRAVEL-MUG,WH-Northstar-01,528,55,0,0,220,False,normal
2025-03-02,NSC-TRAVEL-MUG,WH-Northstar-01,469,59,0,0,220,False,normal
2025-03-03,NSC-TRAVEL-MUG,WH-Northstar-01,409,60,0,0,220,False,normal
2025-03-04,NSC-TRAVEL-MUG,WH-Northstar-01,354,55,0,0,220,False,normal
2025-03-05,NSC-TRAVEL-MUG,WH-Northstar-01,1086,46,778,0,220,False,normal
2025-03-06,NSC-TRAVEL-MUG,WH-Northstar-01,1032,54,0,0,220,False,normal
2025-03-07,NSC-TRAVEL-MUG,WH-Northstar-01,981,51,0,0,220,False,normal
2025-03-08,NSC-TRAVEL-MUG,WH-Northstar-01,933,48,0,0,220,False,normal
2025-03-09,NSC-TRAVEL-MUG,WH-Northstar-01,891,42,0,0,220,False,normal
2025-03-10,NSC-TRAVEL-MUG,WH-Northstar-01,838,53,0,0,220,False,normal
2025-03-11,NSC-TRAVEL-MUG,WH-Northstar-01,785,53,0,0,220,False,normal
2025-03-12,NSC-TRAVEL-MUG,WH-Northstar-01,746,39,0,0,220,False,normal
2025-03-13,NSC-TRAVEL-MUG,WH-Northstar-01,679,67,0,0,220,False,normal
2025-03-14,NSC-TRAVEL-MUG,WH-Northstar-01,639,40,0,0,220,False,normal
2025-03-15,NSC-TRAVEL-MUG,WH-Northstar-01,593,46,0,0,220,False,normal
2025-03-16,NSC-TRAVEL-MUG,WH-Northstar-01,540,53,0,0,220,False,normal
2025-03-17,NSC-TRAVEL-MUG,WH-Northstar-01,486,54,0,0,220,False,normal
2025-03-18,NSC-TRAVEL-MUG,WH-Northstar-01,441,45,0,0,220,False,normal
2025-03-19,NSC-TRAVEL-MUG,WH-Northstar-01,397,44,0,0,220,False,normal
2025-03-20,NSC-TRAVEL-MUG,WH-Northstar-01,347,50,0,0,220,False,normal
2025-03-21,NSC-TRAVEL-MUG,WH-Northstar-01,296,51,0,0,220,False,normal
2025-03-22,NSC-TRAVEL-MUG,WH-Northstar-01,233,63,0,0,220,False,normal
2025-03-23,NSC-TRAVEL-MUG,WH-Northstar-01,190,43,0,0,220,False,normal
2025-03-24,NSC-TRAVEL-MUG,WH-Northstar-01,138,52,0,0,220,False,normal
2025-03-25,NSC-TRAVEL-MUG,WH-Northstar-01,88,50,0,0,220,False,normal
2025-03-26,NSC-TRAVEL-MUG,WH-Northstar-01,776,54,742,0,220,False,normal
2025-03-27,NSC-TRAVEL-MUG,WH-Northstar-01,716,60,0,0,220,False,normal
2025-03-28,NSC-TRAVEL-MUG,WH-Northstar-01,659,57,0,0,220,False,normal
2025-03-29,NSC-TRAVEL-MUG,WH-Northstar-01,597,62,0,0,220,False,normal
2025-03-30,NSC-TRAVEL-MUG,WH-Northstar-01,545,52,0,0,220,False,normal
2025-03-31,NSC-TRAVEL-MUG,WH-Northstar-01,494,51,0,0,220,False,normal
2025-04-01,NSC-TRAVEL-MUG,WH-Northstar-01,446,48,0,0,220,False,normal
2025-04-02,NSC-TRAVEL-MUG,WH-Northstar-01,407,39,0,0,220,False,normal
2025-04-03,NSC-TRAVEL-MUG,WH-Northstar-01,353,54,0,0,220,False,normal
2025-04-04,NSC-TRAVEL-MUG,WH-Northstar-01,298,55,0,0,220,False,normal
2025-04-05,NSC-TRAVEL-MUG,WH-Northstar-01,242,56,0,0,220,False,normal
2025-04-06,NSC-TRAVEL-MUG,WH-Northstar-01,194,48,0,0,220,False,normal
2025-04-07,NSC-TRAVEL-MUG,WH-Northstar-01,152,42,0,0,220,False,normal
2025-04-08,NSC-TRAVEL-MUG,WH-Northstar-01,107,45,0,0,220,False,normal
2025-04-09,NSC-TRAVEL-MUG,WH-Northstar-01,54,53,0,0,220,False,normal
2025-04-10,NSC-TRAVEL-MUG,WH-Northstar-01,0,84,0,84,220,True,inventory_shortage
2025-04-11,NSC-TRAVEL-MUG,WH-Northstar-01,0,84,0,84,220,True,inventory_shortage
2025-04-12,NSC-TRAVEL-MUG,WH-Northstar-01,0,92,0,92,220,True,inventory_shortage
2025-04-13,NSC-TRAVEL-MUG,WH-Northstar-01,0,96,0,96,220,True,inventory_shortage
2025-04-14,NSC-TRAVEL-MUG,WH-Northstar-01,0,101,0,101,220,True,inventory_shortage
2025-04-15,NSC-TRAVEL-MUG,WH-Northstar-01,0,96,0,96,220,True,inventory_shortage
2025-04-16,NSC-TRAVEL-MUG,WH-Northstar-01,0,87,0,87,220,True,inventory_shortage
2025-04-17,NSC-TRAVEL-MUG,WH-Northstar-01,0,86,0,86,220,True,inventory_shortage
2025-04-18,NSC-TRAVEL-MUG,WH-Northstar-01,0,100,0,100,220,True,inventory_shortage
2025-04-19,NSC-TRAVEL-MUG,WH-Northstar-01,0,87,0,87,220,True,inventory_shortage
2025-04-20,NSC-TRAVEL-MUG,WH-Northstar-01,0,86,0,86,220,True,inventory_shortage
2025-04-21,NSC-TRAVEL-MUG,WH-Northstar-01,0,56,0,0,220,False,normal
2025-04-22,NSC-TRAVEL-MUG,WH-Northstar-01,0,63,0,0,220,False,normal
2025-04-23,NSC-TRAVEL-MUG,WH-Northstar-01,0,28,0,0,220,False,normal
2025-04-24,NSC-TRAVEL-MUG,WH-Northstar-01,0,58,0,0,220,False,normal
2025-04-25,NSC-TRAVEL-MUG,WH-Northstar-01,0,48,0,0,220,False,normal
2025-04-26,NSC-TRAVEL-MUG,WH-Northstar-01,0,55,0,0,220,False,normal
2025-04-27,NSC-TRAVEL-MUG,WH-Northstar-01,0,36,0,0,220,False,normal
2025-04-28,NSC-TRAVEL-MUG,WH-Northstar-01,0,45,0,0,220,False,normal
2025-04-29,NSC-TRAVEL-MUG,WH-Northstar-01,0,61,0,0,220,False,normal
2025-04-30,NSC-TRAVEL-MUG,WH-Northstar-01,0,61,0,0,220,False,normal
2025-05-01,NSC-TRAVEL-MUG,WH-Northstar-01,0,50,0,0,220,False,normal
2025-05-02,NSC-TRAVEL-MUG,WH-Northstar-01,0,65,0,0,220,False,normal
2025-05-03,NSC-TRAVEL-MUG,WH-Northstar-01,0,51,0,0,220,False,normal
2025-05-04,NSC-TRAVEL-MUG,WH-Northstar-01,0,54,0,0,220,False,normal
2025-05-05,NSC-TRAVEL-MUG,WH-Northstar-01,0,45,0,0,220,False,normal
2025-05-06,NSC-TRAVEL-MUG,WH-Northstar-01,0,48,0,0,220,False,normal
2025-05-07,NSC-TRAVEL-MUG,WH-Northstar-01,576,55,631,0,220,False,normal
2025-05-08,NSC-TRAVEL-MUG,WH-Northstar-01,524,52,0,0,220,False,normal
2025-05-09,NSC-TRAVEL-MUG,WH-Northstar-01,469,55,0,0,220,False,normal
2025-05-10,NSC-TRAVEL-MUG,WH-Northstar-01,418,51,0,0,220,False,normal
2025-05-11,NSC-TRAVEL-MUG,WH-Northstar-01,355,63,0,0,220,False,normal
2025-05-12,NSC-TRAVEL-MUG,WH-Northstar-01,307,48,0,0,220,False,normal
2025-05-13,NSC-TRAVEL-MUG,WH-Northstar-01,257,50,0,0,220,False,normal
2025-05-14,NSC-TRAVEL-MUG,WH-Northstar-01,209,48,0,0,220,False,normal
2025-05-15,NSC-TRAVEL-MUG,WH-Northstar-01,160,49,0,0,220,False,normal
2025-05-16,NSC-TRAVEL-MUG,WH-Northstar-01,110,50,0,0,220,False,normal
2025-05-17,NSC-TRAVEL-MUG,WH-Northstar-01,63,47,0,0,220,False,normal
2025-05-18,NSC-TRAVEL-MUG,WH-Northstar-01,3,60,0,0,220,False,normal
2025-05-19,NSC-TRAVEL-MUG,WH-Northstar-01,0,63,0,0,220,False,normal
2025-05-20,NSC-TRAVEL-MUG,WH-Northstar-01,0,61,0,0,220,False,normal
2025-05-21,NSC-TRAVEL-MUG,WH-Northstar-01,0,57,0,0,220,False,normal
2025-05-22,NSC-TRAVEL-MUG,WH-Northstar-01,0,44,0,0,220,False,normal
2025-05-23,NSC-TRAVEL-MUG,WH-Northstar-01,0,51,0,0,220,False,normal
2025-05-24,NSC-TRAVEL-MUG,WH-Northstar-01,0,68,0,0,220,False,normal
2025-05-25,NSC-TRAVEL-MUG,WH-Northstar-01,0,50,0,0,220,False,normal
2025-05-26,NSC-TRAVEL-MUG,WH-Northstar-01,0,55,0,0,220,False,normal
2025-05-27,NSC-TRAVEL-MUG,WH-Northstar-01,0,39,0,0,220,False,normal
2025-05-28,NSC-TRAVEL-MUG,WH-Northstar-01,666,56,722,0,220,False,normal
2025-05-29,NSC-TRAVEL-MUG,WH-Northstar-01,617,49,0,0,220,False,normal
2025-05-30,NSC-TRAVEL-MUG,WH-Northstar-01,588,29,0,0,220,False,normal
2025-05-31,NSC-TRAVEL-MUG,WH-Northstar-01,537,51,0,0,220,False,normal
2025-06-01,NSC-TRAVEL-MUG,WH-Northstar-01,478,59,0,0,220,False,normal
2025-06-02,NSC-TRAVEL-MUG,WH-Northstar-01,419,59,0,0,220,False,normal
2025-06-03,NSC-TRAVEL-MUG,WH-Northstar-01,371,48,0,0,220,False,normal
2025-06-04,NSC-TRAVEL-MUG,WH-Northstar-01,313,58,0,0,220,False,normal
2025-06-05,NSC-TRAVEL-MUG,WH-Northstar-01,254,59,0,0,220,False,normal
2025-06-06,NSC-TRAVEL-MUG,WH-Northstar-01,209,45,0,0,220,False,normal
2025-06-07,NSC-TRAVEL-MUG,WH-Northstar-01,150,59,0,0,220,False,normal
2025-06-08,NSC-TRAVEL-MUG,WH-Northstar-01,101,49,0,0,220,False,normal
2025-06-09,NSC-TRAVEL-MUG,WH-Northstar-01,60,41,0,0,220,False,normal
2025-06-10,NSC-TRAVEL-MUG,WH-Northstar-01,14,46,0,0,220,False,normal
2025-06-11,NSC-TRAVEL-MUG,WH-Northstar-01,0,53,0,0,220,False,normal
2025-06-12,NSC-TRAVEL-MUG,WH-Northstar-01,0,39,0,0,220,False,normal
2025-06-13,NSC-TRAVEL-MUG,WH-Northstar-01,0,35,0,0,220,False,normal
2025-06-14,NSC-TRAVEL-MUG,WH-Northstar-01,0,55,0,0,220,False,normal
2025-06-15,NSC-TRAVEL-MUG,WH-Northstar-01,0,54,0,0,220,False,normal
2025-06-16,NSC-TRAVEL-MUG,WH-Northstar-01,0,49,0,0,220,False,normal
2025-06-17,NSC-TRAVEL-MUG,WH-Northstar-01,0,52,0,0,220,False,normal
2025-06-18,NSC-TRAVEL-MUG,WH-Northstar-01,608,57,665,0,220,False,normal
2025-06-19,NSC-TRAVEL-MUG,WH-Northstar-01,578,30,0,0,220,False,normal
2025-06-20,NSC-TRAVEL-MUG,WH-Northstar-01,520,58,0,0,220,False,normal
2025-06-21,NSC-TRAVEL-MUG,WH-Northstar-01,466,54,0,0,220,False,normal
2025-06-22,NSC-TRAVEL-MUG,WH-Northstar-01,410,56,0,0,220,False,normal
2025-06-23,NSC-TRAVEL-MUG,WH-Northstar-01,365,45,0,0,220,False,normal
2025-06-24,NSC-TRAVEL-MUG,WH-Northstar-01,312,53,0,0,220,False,normal
2025-06-25,NSC-TRAVEL-MUG,WH-Northstar-01,252,60,0,0,220,False,normal
2025-06-26,NSC-TRAVEL-MUG,WH-Northstar-01,199,53,0,0,220,False,normal
2025-06-27,NSC-TRAVEL-MUG,WH-Northstar-01,152,47,0,0,220,False,normal
2025-06-28,NSC-TRAVEL-MUG,WH-Northstar-01,99,53,0,0,220,False,normal
2025-06-29,NSC-TRAVEL-MUG,WH-Northstar-01,37,62,0,0,220,False,normal
2025-06-30,NSC-TRAVEL-MUG,WH-Northstar-01,0,53,0,0,220,False,normal
2025-01-01,NSC-WIRELESS-CHARGER,WH-Northstar-01,2206,74,742,0,220,False,normal
2025-01-02,NSC-WIRELESS-CHARGER,WH-Northstar-01,2151,55,0,0,220,False,normal
2025-01-03,NSC-WIRELESS-CHARGER,WH-Northstar-01,2096,55,0,0,220,False,normal
2025-01-04,NSC-WIRELESS-CHARGER,WH-Northstar-01,2032,64,0,0,220,False,normal
2025-01-05,NSC-WIRELESS-CHARGER,WH-Northstar-01,1976,56,0,0,220,False,normal
2025-01-06,NSC-WIRELESS-CHARGER,WH-Northstar-01,1929,47,0,0,220,False,normal
2025-01-07,NSC-WIRELESS-CHARGER,WH-Northstar-01,1865,64,0,0,220,False,normal
2025-01-08,NSC-WIRELESS-CHARGER,WH-Northstar-01,1803,62,0,0,220,False,normal
2025-01-09,NSC-WIRELESS-CHARGER,WH-Northstar-01,1742,61,0,0,220,False,normal
2025-01-10,NSC-WIRELESS-CHARGER,WH-Northstar-01,1690,52,0,0,220,False,normal
2025-01-11,NSC-WIRELESS-CHARGER,WH-Northstar-01,1633,57,0,0,220,False,normal
2025-01-12,NSC-WIRELESS-CHARGER,WH-Northstar-01,1569,64,0,0,220,False,normal
2025-01-13,NSC-WIRELESS-CHARGER,WH-Northstar-01,1508,61,0,0,220,False,normal
2025-01-14,NSC-WIRELESS-CHARGER,WH-Northstar-01,1445,63,0,0,220,False,normal
2025-01-15,NSC-WIRELESS-CHARGER,WH-Northstar-01,1372,73,0,0,220,False,normal
2025-01-16,NSC-WIRELESS-CHARGER,WH-Northstar-01,1310,62,0,0,220,False,normal
2025-01-17,NSC-WIRELESS-CHARGER,WH-Northstar-01,1246,64,0,0,220,False,normal
2025-01-18,NSC-WIRELESS-CHARGER,WH-Northstar-01,1193,53,0,0,220,False,normal
2025-01-19,NSC-WIRELESS-CHARGER,WH-Northstar-01,1142,51,0,0,220,False,normal
2025-01-20,NSC-WIRELESS-CHARGER,WH-Northstar-01,1076,66,0,0,220,False,normal
2025-01-21,NSC-WIRELESS-CHARGER,WH-Northstar-01,1019,57,0,0,220,False,normal
2025-01-22,NSC-WIRELESS-CHARGER,WH-Northstar-01,1759,46,786,0,220,False,normal
2025-01-23,NSC-WIRELESS-CHARGER,WH-Northstar-01,1690,69,0,0,220,False,normal
2025-01-24,NSC-WIRELESS-CHARGER,WH-Northstar-01,1638,52,0,0,220,False,normal
2025-01-25,NSC-WIRELESS-CHARGER,WH-Northstar-01,1591,47,0,0,220,False,normal
2025-01-26,NSC-WIRELESS-CHARGER,WH-Northstar-01,1519,72,0,0,220,False,normal
2025-01-27,NSC-WIRELESS-CHARGER,WH-Northstar-01,1448,71,0,0,220,False,normal
2025-01-28,NSC-WIRELESS-CHARGER,WH-Northstar-01,1379,69,0,0,220,False,normal
2025-01-29,NSC-WIRELESS-CHARGER,WH-Northstar-01,1325,54,0,0,220,False,normal
2025-01-30,NSC-WIRELESS-CHARGER,WH-Northstar-01,1267,58,0,0,220,False,normal
2025-01-31,NSC-WIRELESS-CHARGER,WH-Northstar-01,1203,64,0,0,220,False,normal
2025-02-01,NSC-WIRELESS-CHARGER,WH-Northstar-01,1135,68,0,0,220,False,normal
2025-02-02,NSC-WIRELESS-CHARGER,WH-Northstar-01,1076,59,0,0,220,False,normal
2025-02-03,NSC-WIRELESS-CHARGER,WH-Northstar-01,994,82,0,0,220,False,normal
2025-02-04,NSC-WIRELESS-CHARGER,WH-Northstar-01,929,65,0,0,220,False,normal
2025-02-05,NSC-WIRELESS-CHARGER,WH-Northstar-01,867,62,0,0,220,False,normal
2025-02-06,NSC-WIRELESS-CHARGER,WH-Northstar-01,808,59,0,0,220,False,normal
2025-02-07,NSC-WIRELESS-CHARGER,WH-Northstar-01,746,62,0,0,220,False,normal
2025-02-08,NSC-WIRELESS-CHARGER,WH-Northstar-01,682,64,0,0,220,False,normal
2025-02-09,NSC-WIRELESS-CHARGER,WH-Northstar-01,630,52,0,0,220,False,normal
2025-02-10,NSC-WIRELESS-CHARGER,WH-Northstar-01,579,51,0,0,220,False,normal
2025-02-11,NSC-WIRELESS-CHARGER,WH-Northstar-01,524,55,0,0,220,False,normal
2025-02-12,NSC-WIRELESS-CHARGER,WH-Northstar-01,1235,58,769,0,220,False,normal
2025-02-13,NSC-WIRELESS-CHARGER,WH-Northstar-01,1178,57,0,0,220,False,normal
2025-02-14,NSC-WIRELESS-CHARGER,WH-Northstar-01,1118,60,0,0,220,False,normal
2025-02-15,NSC-WIRELESS-CHARGER,WH-Northstar-01,1069,49,0,0,220,False,normal
2025-02-16,NSC-WIRELESS-CHARGER,WH-Northstar-01,999,70,0,0,220,False,normal
2025-02-17,NSC-WIRELESS-CHARGER,WH-Northstar-01,950,49,0,0,220,False,normal
2025-02-18,NSC-WIRELESS-CHARGER,WH-Northstar-01,887,63,0,0,220,False,normal
2025-02-19,NSC-WIRELESS-CHARGER,WH-Northstar-01,835,52,0,0,220,False,normal
2025-02-20,NSC-WIRELESS-CHARGER,WH-Northstar-01,771,64,0,0,220,False,normal
2025-02-21,NSC-WIRELESS-CHARGER,WH-Northstar-01,698,73,0,0,220,False,normal
2025-02-22,NSC-WIRELESS-CHARGER,WH-Northstar-01,631,67,0,0,220,False,normal
2025-02-23,NSC-WIRELESS-CHARGER,WH-Northstar-01,578,53,0,0,220,False,normal
2025-02-24,NSC-WIRELESS-CHARGER,WH-Northstar-01,516,62,0,0,220,False,normal
2025-02-25,NSC-WIRELESS-CHARGER,WH-Northstar-01,458,58,0,0,220,False,normal
2025-02-26,NSC-WIRELESS-CHARGER,WH-Northstar-01,408,50,0,0,220,False,normal
2025-02-27,NSC-WIRELESS-CHARGER,WH-Northstar-01,340,68,0,0,220,False,normal
2025-02-28,NSC-WIRELESS-CHARGER,WH-Northstar-01,261,79,0,0,220,False,normal
2025-03-01,NSC-WIRELESS-CHARGER,WH-Northstar-01,190,71,0,0,220,False,normal
2025-03-02,NSC-WIRELESS-CHARGER,WH-Northstar-01,139,51,0,0,220,False,normal
2025-03-03,NSC-WIRELESS-CHARGER,WH-Northstar-01,62,77,0,0,220,False,normal
2025-03-04,NSC-WIRELESS-CHARGER,WH-Northstar-01,6,56,0,0,220,False,normal
2025-03-05,NSC-WIRELESS-CHARGER,WH-Northstar-01,668,57,719,0,220,False,normal
2025-03-06,NSC-WIRELESS-CHARGER,WH-Northstar-01,606,62,0,0,220,False,normal
2025-03-07,NSC-WIRELESS-CHARGER,WH-Northstar-01,562,44,0,0,220,False,normal
2025-03-08,NSC-WIRELESS-CHARGER,WH-Northstar-01,509,53,0,0,220,False,normal
2025-03-09,NSC-WIRELESS-CHARGER,WH-Northstar-01,439,70,0,0,220,False,normal
2025-03-10,NSC-WIRELESS-CHARGER,WH-Northstar-01,358,81,0,0,220,False,normal
2025-03-11,NSC-WIRELESS-CHARGER,WH-Northstar-01,315,43,0,0,220,False,normal
2025-03-12,NSC-WIRELESS-CHARGER,WH-Northstar-01,246,69,0,0,220,False,normal
2025-03-13,NSC-WIRELESS-CHARGER,WH-Northstar-01,195,51,0,0,220,False,normal
2025-03-14,NSC-WIRELESS-CHARGER,WH-Northstar-01,138,57,0,0,220,False,normal
2025-03-15,NSC-WIRELESS-CHARGER,WH-Northstar-01,88,50,0,0,220,False,normal
2025-03-16,NSC-WIRELESS-CHARGER,WH-Northstar-01,19,69,0,0,220,False,normal
2025-03-17,NSC-WIRELESS-CHARGER,WH-Northstar-01,0,65,0,0,220,False,normal
2025-03-18,NSC-WIRELESS-CHARGER,WH-Northstar-01,0,61,0,0,220,False,normal
2025-03-19,NSC-WIRELESS-CHARGER,WH-Northstar-01,0,67,0,0,220,False,normal
2025-03-20,NSC-WIRELESS-CHARGER,WH-Northstar-01,0,66,0,0,220,False,normal
2025-03-21,NSC-WIRELESS-CHARGER,WH-Northstar-01,0,51,0,0,220,False,normal
2025-03-22,NSC-WIRELESS-CHARGER,WH-Northstar-01,0,63,0,0,220,False,normal
2025-03-23,NSC-WIRELESS-CHARGER,WH-Northstar-01,0,55,0,0,220,False,normal
2025-03-24,NSC-WIRELESS-CHARGER,WH-Northstar-01,0,54,0,0,220,False,normal
2025-03-25,NSC-WIRELESS-CHARGER,WH-Northstar-01,0,65,0,0,220,False,normal
2025-03-26,NSC-WIRELESS-CHARGER,WH-Northstar-01,684,71,755,0,220,False,normal
2025-03-27,NSC-WIRELESS-CHARGER,WH-Northstar-01,610,74,0,0,220,False,normal
2025-03-28,NSC-WIRELESS-CHARGER,WH-Northstar-01,552,58,0,0,220,False,normal
2025-03-29,NSC-WIRELESS-CHARGER,WH-Northstar-01,505,47,0,0,220,False,normal
2025-03-30,NSC-WIRELESS-CHARGER,WH-Northstar-01,455,50,0,0,220,False,normal
2025-03-31,NSC-WIRELESS-CHARGER,WH-Northstar-01,407,48,0,0,220,False,normal
2025-04-01,NSC-WIRELESS-CHARGER,WH-Northstar-01,343,64,0,0,220,False,normal
2025-04-02,NSC-WIRELESS-CHARGER,WH-Northstar-01,267,76,0,0,220,False,normal
2025-04-03,NSC-WIRELESS-CHARGER,WH-Northstar-01,197,70,0,0,220,False,normal
2025-04-04,NSC-WIRELESS-CHARGER,WH-Northstar-01,129,68,0,0,220,False,normal
2025-04-05,NSC-WIRELESS-CHARGER,WH-Northstar-01,55,74,0,0,220,False,normal
2025-04-06,NSC-WIRELESS-CHARGER,WH-Northstar-01,0,66,0,0,220,False,normal
2025-04-07,NSC-WIRELESS-CHARGER,WH-Northstar-01,0,70,0,0,220,False,normal
2025-04-08,NSC-WIRELESS-CHARGER,WH-Northstar-01,0,61,0,0,220,False,normal
2025-04-09,NSC-WIRELESS-CHARGER,WH-Northstar-01,0,53,0,0,220,False,normal
2025-04-10,NSC-WIRELESS-CHARGER,WH-Northstar-01,0,51,0,0,220,False,normal
2025-04-11,NSC-WIRELESS-CHARGER,WH-Northstar-01,0,57,0,0,220,False,normal
2025-04-12,NSC-WIRELESS-CHARGER,WH-Northstar-01,0,47,0,0,220,False,normal
2025-04-13,NSC-WIRELESS-CHARGER,WH-Northstar-01,0,58,0,0,220,False,normal
2025-04-14,NSC-WIRELESS-CHARGER,WH-Northstar-01,0,58,0,0,220,False,normal
2025-04-15,NSC-WIRELESS-CHARGER,WH-Northstar-01,0,68,0,0,220,False,normal
2025-04-16,NSC-WIRELESS-CHARGER,WH-Northstar-01,771,59,830,0,220,False,normal
2025-04-17,NSC-WIRELESS-CHARGER,WH-Northstar-01,714,57,0,0,220,False,normal
2025-04-18,NSC-WIRELESS-CHARGER,WH-Northstar-01,662,52,0,0,220,False,normal
2025-04-19,NSC-WIRELESS-CHARGER,WH-Northstar-01,587,75,0,0,220,False,normal
2025-04-20,NSC-WIRELESS-CHARGER,WH-Northstar-01,517,70,0,0,220,False,normal
2025-04-21,NSC-WIRELESS-CHARGER,WH-Northstar-01,455,62,0,0,220,False,normal
2025-04-22,NSC-WIRELESS-CHARGER,WH-Northstar-01,399,56,0,0,220,False,normal
2025-04-23,NSC-WIRELESS-CHARGER,WH-Northstar-01,320,79,0,0,220,False,normal
2025-04-24,NSC-WIRELESS-CHARGER,WH-Northstar-01,259,61,0,0,220,False,normal
2025-04-25,NSC-WIRELESS-CHARGER,WH-Northstar-01,191,68,0,0,220,False,normal
2025-04-26,NSC-WIRELESS-CHARGER,WH-Northstar-01,118,73,0,0,220,False,normal
2025-04-27,NSC-WIRELESS-CHARGER,WH-Northstar-01,54,64,0,0,220,False,normal
2025-04-28,NSC-WIRELESS-CHARGER,WH-Northstar-01,3,51,0,0,220,False,normal
2025-04-29,NSC-WIRELESS-CHARGER,WH-Northstar-01,0,59,0,0,220,False,normal
2025-04-30,NSC-WIRELESS-CHARGER,WH-Northstar-01,0,57,0,0,220,False,normal
2025-05-01,NSC-WIRELESS-CHARGER,WH-Northstar-01,0,60,0,0,220,False,normal
2025-05-02,NSC-WIRELESS-CHARGER,WH-Northstar-01,0,63,0,0,220,False,normal
2025-05-03,NSC-WIRELESS-CHARGER,WH-Northstar-01,0,57,0,0,220,False,normal
2025-05-04,NSC-WIRELESS-CHARGER,WH-Northstar-01,0,58,0,0,220,False,normal
2025-05-05,NSC-WIRELESS-CHARGER,WH-Northstar-01,0,62,0,0,220,False,normal
2025-05-06,NSC-WIRELESS-CHARGER,WH-Northstar-01,0,48,0,0,220,False,normal
2025-05-07,NSC-WIRELESS-CHARGER,WH-Northstar-01,717,58,775,0,220,False,normal
2025-05-08,NSC-WIRELESS-CHARGER,WH-Northstar-01,655,62,0,0,220,False,normal
2025-05-09,NSC-WIRELESS-CHARGER,WH-Northstar-01,601,54,0,0,220,False,normal
2025-05-10,NSC-WIRELESS-CHARGER,WH-Northstar-01,545,56,0,0,220,False,normal
2025-05-11,NSC-WIRELESS-CHARGER,WH-Northstar-01,497,48,0,0,220,False,normal
2025-05-12,NSC-WIRELESS-CHARGER,WH-Northstar-01,443,54,0,0,220,False,normal
2025-05-13,NSC-WIRELESS-CHARGER,WH-Northstar-01,397,46,0,0,220,False,normal
2025-05-14,NSC-WIRELESS-CHARGER,WH-Northstar-01,338,59,0,0,220,False,normal
2025-05-15,NSC-WIRELESS-CHARGER,WH-Northstar-01,274,64,0,0,220,False,normal
2025-05-16,NSC-WIRELESS-CHARGER,WH-Northstar-01,219,55,0,0,220,False,normal
2025-05-17,NSC-WIRELESS-CHARGER,WH-Northstar-01,177,42,0,0,220,False,normal
2025-05-18,NSC-WIRELESS-CHARGER,WH-Northstar-01,110,67,0,0,220,False,normal
2025-05-19,NSC-WIRELESS-CHARGER,WH-Northstar-01,48,62,0,0,220,False,normal
2025-05-20,NSC-WIRELESS-CHARGER,WH-Northstar-01,0,54,0,0,220,False,normal
2025-05-21,NSC-WIRELESS-CHARGER,WH-Northstar-01,0,53,0,0,220,False,normal
2025-05-22,NSC-WIRELESS-CHARGER,WH-Northstar-01,0,68,0,0,220,False,normal
2025-05-23,NSC-WIRELESS-CHARGER,WH-Northstar-01,0,64,0,0,220,False,normal
2025-05-24,NSC-WIRELESS-CHARGER,WH-Northstar-01,0,66,0,0,220,False,normal
2025-05-25,NSC-WIRELESS-CHARGER,WH-Northstar-01,0,48,0,0,220,False,normal
2025-05-26,NSC-WIRELESS-CHARGER,WH-Northstar-01,0,65,0,0,220,False,normal
2025-05-27,NSC-WIRELESS-CHARGER,WH-Northstar-01,0,52,0,0,220,False,normal
2025-05-28,NSC-WIRELESS-CHARGER,WH-Northstar-01,709,49,758,0,220,False,normal
2025-05-29,NSC-WIRELESS-CHARGER,WH-Northstar-01,645,64,0,0,220,False,normal
2025-05-30,NSC-WIRELESS-CHARGER,WH-Northstar-01,584,61,0,0,220,False,normal
2025-05-31,NSC-WIRELESS-CHARGER,WH-Northstar-01,523,61,0,0,220,False,normal
2025-06-01,NSC-WIRELESS-CHARGER,WH-Northstar-01,472,51,0,0,220,False,normal
2025-06-02,NSC-WIRELESS-CHARGER,WH-Northstar-01,427,45,0,0,220,False,normal
2025-06-03,NSC-WIRELESS-CHARGER,WH-Northstar-01,363,64,0,0,220,False,normal
2025-06-04,NSC-WIRELESS-CHARGER,WH-Northstar-01,301,62,0,0,220,False,normal
2025-06-05,NSC-WIRELESS-CHARGER,WH-Northstar-01,244,57,0,0,220,False,normal
2025-06-06,NSC-WIRELESS-CHARGER,WH-Northstar-01,187,57,0,0,220,False,normal
2025-06-07,NSC-WIRELESS-CHARGER,WH-Northstar-01,126,61,0,0,220,False,normal
2025-06-08,NSC-WIRELESS-CHARGER,WH-Northstar-01,69,57,0,0,220,False,normal
2025-06-09,NSC-WIRELESS-CHARGER,WH-Northstar-01,3,66,0,0,220,False,normal
2025-06-10,NSC-WIRELESS-CHARGER,WH-Northstar-01,0,66,0,0,220,False,normal
2025-06-11,NSC-WIRELESS-CHARGER,WH-Northstar-01,0,60,0,0,220,False,normal
2025-06-12,NSC-WIRELESS-CHARGER,WH-Northstar-01,0,59,0,0,220,False,normal
2025-06-13,NSC-WIRELESS-CHARGER,WH-Northstar-01,0,63,0,0,220,False,normal
2025-06-14,NSC-WIRELESS-CHARGER,WH-Northstar-01,0,37,0,0,220,False,normal
2025-06-15,NSC-WIRELESS-CHARGER,WH-Northstar-01,0,60,0,0,220,False,normal
2025-06-16,NSC-WIRELESS-CHARGER,WH-Northstar-01,0,48,0,0,220,False,normal
2025-06-17,NSC-WIRELESS-CHARGER,WH-Northstar-01,0,64,0,0,220,False,normal
2025-06-18,NSC-WIRELESS-CHARGER,WH-Northstar-01,551,68,619,0,220,False,normal
2025-06-19,NSC-WIRELESS-CHARGER,WH-Northstar-01,485,66,0,0,220,False,normal
2025-06-20,NSC-WIRELESS-CHARGER,WH-Northstar-01,425,60,0,0,220,False,normal
2025-06-21,NSC-WIRELESS-CHARGER,WH-Northstar-01,361,64,0,0,220,False,normal
2025-06-22,NSC-WIRELESS-CHARGER,WH-Northstar-01,293,68,0,0,220,False,normal
2025-06-23,NSC-WIRELESS-CHARGER,WH-Northstar-01,231,62,0,0,220,False,normal
2025-06-24,NSC-WIRELESS-CHARGER,WH-Northstar-01,169,62,0,0,220,False,normal
2025-06-25,NSC-WIRELESS-CHARGER,WH-Northstar-01,118,51,0,0,220,False,normal
2025-06-26,NSC-WIRELESS-CHARGER,WH-Northstar-01,64,54,0,0,220,False,normal
2025-06-27,NSC-WIRELESS-CHARGER,WH-Northstar-01,0,77,0,0,220,False,normal
2025-06-28,NSC-WIRELESS-CHARGER,WH-Northstar-01,0,68,0,0,220,False,normal
2025-06-29,NSC-WIRELESS-CHARGER,WH-Northstar-01,0,64,0,0,220,False,normal
2025-06-30,NSC-WIRELESS-CHARGER,WH-Northstar-01,0,53,0,0,220,False,normal
2025-01-01,NSC-DESK-LAMP,WH-Northstar-01,2382,72,736,0,220,False,normal
2025-01-02,NSC-DESK-LAMP,WH-Northstar-01,2295,87,0,0,220,False,normal
2025-01-03,NSC-DESK-LAMP,WH-Northstar-01,2214,81,0,0,220,False,normal
2025-01-04,NSC-DESK-LAMP,WH-Northstar-01,2151,63,0,0,220,False,normal
2025-01-05,NSC-DESK-LAMP,WH-Northstar-01,2087,64,0,0,220,False,normal
2025-01-06,NSC-DESK-LAMP,WH-Northstar-01,2019,68,0,0,220,False,normal
2025-01-07,NSC-DESK-LAMP,WH-Northstar-01,1939,80,0,0,220,False,normal
2025-01-08,NSC-DESK-LAMP,WH-Northstar-01,1861,78,0,0,220,False,normal
2025-01-09,NSC-DESK-LAMP,WH-Northstar-01,1809,52,0,0,220,False,normal
2025-01-10,NSC-DESK-LAMP,WH-Northstar-01,1736,73,0,0,220,False,normal
2025-01-11,NSC-DESK-LAMP,WH-Northstar-01,1657,79,0,0,220,False,normal
2025-01-12,NSC-DESK-LAMP,WH-Northstar-01,1589,68,0,0,220,False,normal
2025-01-13,NSC-DESK-LAMP,WH-Northstar-01,1515,74,0,0,220,False,normal
2025-01-14,NSC-DESK-LAMP,WH-Northstar-01,1430,85,0,0,220,False,normal
2025-01-15,NSC-DESK-LAMP,WH-Northstar-01,1349,81,0,0,220,False,normal
2025-01-16,NSC-DESK-LAMP,WH-Northstar-01,1276,73,0,0,220,False,normal
2025-01-17,NSC-DESK-LAMP,WH-Northstar-01,1204,72,0,0,220,False,normal
2025-01-18,NSC-DESK-LAMP,WH-Northstar-01,1135,69,0,0,220,False,normal
2025-01-19,NSC-DESK-LAMP,WH-Northstar-01,1061,74,0,0,220,False,normal
2025-01-20,NSC-DESK-LAMP,WH-Northstar-01,993,68,0,0,220,False,normal
2025-01-21,NSC-DESK-LAMP,WH-Northstar-01,915,78,0,0,220,False,normal
2025-01-22,NSC-DESK-LAMP,WH-Northstar-01,1580,61,726,0,220,False,normal
2025-01-23,NSC-DESK-LAMP,WH-Northstar-01,1514,66,0,0,220,False,normal
2025-01-24,NSC-DESK-LAMP,WH-Northstar-01,1435,79,0,0,220,False,normal
2025-01-25,NSC-DESK-LAMP,WH-Northstar-01,1359,76,0,0,220,False,normal
2025-01-26,NSC-DESK-LAMP,WH-Northstar-01,1287,72,0,0,220,False,normal
2025-01-27,NSC-DESK-LAMP,WH-Northstar-01,1215,72,0,0,220,False,normal
2025-01-28,NSC-DESK-LAMP,WH-Northstar-01,1161,54,0,0,220,False,normal
2025-01-29,NSC-DESK-LAMP,WH-Northstar-01,1086,75,0,0,220,False,normal
2025-01-30,NSC-DESK-LAMP,WH-Northstar-01,1025,61,0,0,220,False,normal
2025-01-31,NSC-DESK-LAMP,WH-Northstar-01,961,64,0,0,220,False,normal
2025-02-01,NSC-DESK-LAMP,WH-Northstar-01,867,94,0,0,220,False,normal
2025-02-02,NSC-DESK-LAMP,WH-Northstar-01,794,73,0,0,220,False,normal
2025-02-03,NSC-DESK-LAMP,WH-Northstar-01,724,70,0,0,220,False,normal
2025-02-04,NSC-DESK-LAMP,WH-Northstar-01,656,68,0,0,220,False,normal
2025-02-05,NSC-DESK-LAMP,WH-Northstar-01,577,79,0,0,220,False,normal
2025-02-06,NSC-DESK-LAMP,WH-Northstar-01,516,61,0,0,220,False,normal
2025-02-07,NSC-DESK-LAMP,WH-Northstar-01,451,65,0,0,220,False,normal
2025-02-08,NSC-DESK-LAMP,WH-Northstar-01,372,79,0,0,220,False,normal
2025-02-09,NSC-DESK-LAMP,WH-Northstar-01,303,69,0,0,220,False,normal
2025-02-10,NSC-DESK-LAMP,WH-Northstar-01,231,72,0,0,220,False,normal
2025-02-11,NSC-DESK-LAMP,WH-Northstar-01,167,64,0,0,220,False,normal
2025-02-12,NSC-DESK-LAMP,WH-Northstar-01,822,74,729,0,220,False,normal
2025-02-13,NSC-DESK-LAMP,WH-Northstar-01,766,56,0,0,220,False,normal
2025-02-14,NSC-DESK-LAMP,WH-Northstar-01,689,77,0,0,220,False,normal
2025-02-15,NSC-DESK-LAMP,WH-Northstar-01,627,62,0,0,220,False,normal
2025-02-16,NSC-DESK-LAMP,WH-Northstar-01,568,59,0,0,220,False,normal
2025-02-17,NSC-DESK-LAMP,WH-Northstar-01,507,61,0,0,220,False,normal
2025-02-18,NSC-DESK-LAMP,WH-Northstar-01,437,70,0,0,220,False,normal
2025-02-19,NSC-DESK-LAMP,WH-Northstar-01,374,63,0,0,220,False,normal
2025-02-20,NSC-DESK-LAMP,WH-Northstar-01,290,84,0,0,220,False,normal
2025-02-21,NSC-DESK-LAMP,WH-Northstar-01,212,78,0,0,220,False,normal
2025-02-22,NSC-DESK-LAMP,WH-Northstar-01,142,70,0,0,220,False,normal
2025-02-23,NSC-DESK-LAMP,WH-Northstar-01,80,62,0,0,220,False,normal
2025-02-24,NSC-DESK-LAMP,WH-Northstar-01,3,77,0,0,220,False,normal
2025-02-25,NSC-DESK-LAMP,WH-Northstar-01,0,72,0,0,220,False,normal
2025-02-26,NSC-DESK-LAMP,WH-Northstar-01,0,64,0,0,220,False,normal
2025-02-27,NSC-DESK-LAMP,WH-Northstar-01,0,71,0,0,220,False,normal
2025-02-28,NSC-DESK-LAMP,WH-Northstar-01,0,71,0,0,220,False,normal
2025-03-01,NSC-DESK-LAMP,WH-Northstar-01,0,63,0,0,220,False,normal
2025-03-02,NSC-DESK-LAMP,WH-Northstar-01,0,58,0,0,220,False,normal
2025-03-03,NSC-DESK-LAMP,WH-Northstar-01,0,79,0,0,220,False,normal
2025-03-04,NSC-DESK-LAMP,WH-Northstar-01,0,75,0,0,220,False,normal
2025-03-05,NSC-DESK-LAMP,WH-Northstar-01,720,68,788,0,220,False,normal
2025-03-06,NSC-DESK-LAMP,WH-Northstar-01,643,77,0,0,220,False,normal
2025-03-07,NSC-DESK-LAMP,WH-Northstar-01,577,66,0,0,220,False,normal
2025-03-08,NSC-DESK-LAMP,WH-Northstar-01,510,67,0,0,220,False,normal
2025-03-09,NSC-DESK-LAMP,WH-Northstar-01,427,83,0,0,220,False,normal
2025-03-10,NSC-DESK-LAMP,WH-Northstar-01,363,64,0,0,220,False,normal
2025-03-11,NSC-DESK-LAMP,WH-Northstar-01,279,84,0,0,220,False,normal
2025-03-12,NSC-DESK-LAMP,WH-Northstar-01,183,96,0,0,220,False,normal
2025-03-13,NSC-DESK-LAMP,WH-Northstar-01,111,72,0,0,220,False,normal
2025-03-14,NSC-DESK-LAMP,WH-Northstar-01,55,56,0,0,220,False,normal
2025-03-15,NSC-DESK-LAMP,WH-Northstar-01,0,69,0,0,220,False,normal
2025-03-16,NSC-DESK-LAMP,WH-Northstar-01,0,70,0,0,220,False,normal
2025-03-17,NSC-DESK-LAMP,WH-Northstar-01,0,69,0,0,220,False,normal
2025-03-18,NSC-DESK-LAMP,WH-Northstar-01,0,80,0,0,220,False,normal
2025-03-19,NSC-DESK-LAMP,WH-Northstar-01,0,66,0,0,220,False,normal
2025-03-20,NSC-DESK-LAMP,WH-Northstar-01,0,73,0,0,220,False,normal
2025-03-21,NSC-DESK-LAMP,WH-Northstar-01,0,73,0,0,220,False,normal
2025-03-22,NSC-DESK-LAMP,WH-Northstar-01,0,73,0,0,220,False,normal
2025-03-23,NSC-DESK-LAMP,WH-Northstar-01,0,62,0,0,220,False,normal
2025-03-24,NSC-DESK-LAMP,WH-Northstar-01,0,77,0,0,220,False,normal
2025-03-25,NSC-DESK-LAMP,WH-Northstar-01,0,61,0,0,220,False,normal
2025-03-26,NSC-DESK-LAMP,WH-Northstar-01,714,73,787,0,220,False,normal
2025-03-27,NSC-DESK-LAMP,WH-Northstar-01,652,62,0,0,220,False,normal
2025-03-28,NSC-DESK-LAMP,WH-Northstar-01,591,61,0,0,220,False,normal
2025-03-29,NSC-DESK-LAMP,WH-Northstar-01,524,67,0,0,220,False,normal
2025-03-30,NSC-DESK-LAMP,WH-Northstar-01,446,78,0,0,220,False,normal
2025-03-31,NSC-DESK-LAMP,WH-Northstar-01,373,73,0,0,220,False,normal
2025-04-01,NSC-DESK-LAMP,WH-Northstar-01,295,78,0,0,220,False,normal
2025-04-02,NSC-DESK-LAMP,WH-Northstar-01,217,78,0,0,220,False,normal
2025-04-03,NSC-DESK-LAMP,WH-Northstar-01,142,75,0,0,220,False,normal
2025-04-04,NSC-DESK-LAMP,WH-Northstar-01,73,69,0,0,220,False,normal
2025-04-05,NSC-DESK-LAMP,WH-Northstar-01,29,44,0,0,220,False,normal
2025-04-06,NSC-DESK-LAMP,WH-Northstar-01,0,75,0,0,220,False,normal
2025-04-07,NSC-DESK-LAMP,WH-Northstar-01,0,88,0,0,220,False,normal
2025-04-08,NSC-DESK-LAMP,WH-Northstar-01,0,64,0,0,220,False,normal
2025-04-09,NSC-DESK-LAMP,WH-Northstar-01,0,69,0,0,220,False,normal
2025-04-10,NSC-DESK-LAMP,WH-Northstar-01,0,84,0,0,220,False,normal
2025-04-11,NSC-DESK-LAMP,WH-Northstar-01,0,74,0,0,220,False,normal
2025-04-12,NSC-DESK-LAMP,WH-Northstar-01,0,73,0,0,220,False,normal
2025-04-13,NSC-DESK-LAMP,WH-Northstar-01,0,66,0,0,220,False,normal
2025-04-14,NSC-DESK-LAMP,WH-Northstar-01,0,72,0,0,220,False,normal
2025-04-15,NSC-DESK-LAMP,WH-Northstar-01,0,71,0,0,220,False,normal
2025-04-16,NSC-DESK-LAMP,WH-Northstar-01,623,73,696,0,220,False,normal
2025-04-17,NSC-DESK-LAMP,WH-Northstar-01,534,89,0,0,220,False,normal
2025-04-18,NSC-DESK-LAMP,WH-Northstar-01,464,70,0,0,220,False,normal
2025-04-19,NSC-DESK-LAMP,WH-Northstar-01,403,61,0,0,220,False,normal
2025-04-20,NSC-DESK-LAMP,WH-Northstar-01,339,64,0,0,220,False,normal
2025-04-21,NSC-DESK-LAMP,WH-Northstar-01,278,61,0,0,220,False,normal
2025-04-22,NSC-DESK-LAMP,WH-Northstar-01,211,67,0,0,220,False,normal
2025-04-23,NSC-DESK-LAMP,WH-Northstar-01,144,67,0,0,220,False,normal
2025-04-24,NSC-DESK-LAMP,WH-Northstar-01,67,77,0,0,220,False,normal
2025-04-25,NSC-DESK-LAMP,WH-Northstar-01,8,59,0,0,220,False,normal
2025-04-26,NSC-DESK-LAMP,WH-Northstar-01,0,58,0,0,220,False,normal
2025-04-27,NSC-DESK-LAMP,WH-Northstar-01,0,53,0,0,220,False,normal
2025-04-28,NSC-DESK-LAMP,WH-Northstar-01,0,72,0,0,220,False,normal
2025-04-29,NSC-DESK-LAMP,WH-Northstar-01,0,75,0,0,220,False,normal
2025-04-30,NSC-DESK-LAMP,WH-Northstar-01,0,42,0,0,220,False,normal
2025-05-01,NSC-DESK-LAMP,WH-Northstar-01,0,73,0,0,220,False,normal
2025-05-02,NSC-DESK-LAMP,WH-Northstar-01,0,64,0,0,220,False,normal
2025-05-03,NSC-DESK-LAMP,WH-Northstar-01,0,78,0,0,220,False,normal
2025-05-04,NSC-DESK-LAMP,WH-Northstar-01,0,85,0,0,220,False,normal
2025-05-05,NSC-DESK-LAMP,WH-Northstar-01,0,56,0,0,220,False,normal
2025-05-06,NSC-DESK-LAMP,WH-Northstar-01,0,65,0,0,220,False,normal
2025-05-07,NSC-DESK-LAMP,WH-Northstar-01,739,78,817,0,220,False,normal
2025-05-08,NSC-DESK-LAMP,WH-Northstar-01,671,68,0,0,220,False,normal
2025-05-09,NSC-DESK-LAMP,WH-Northstar-01,594,77,0,0,220,False,normal
2025-05-10,NSC-DESK-LAMP,WH-Northstar-01,521,73,0,0,220,False,normal
2025-05-11,NSC-DESK-LAMP,WH-Northstar-01,444,77,0,0,220,False,normal
2025-05-12,NSC-DESK-LAMP,WH-Northstar-01,366,78,0,0,220,False,normal
2025-05-13,NSC-DESK-LAMP,WH-Northstar-01,297,69,0,0,220,False,normal
2025-05-14,NSC-DESK-LAMP,WH-Northstar-01,221,76,0,0,220,False,normal
2025-05-15,NSC-DESK-LAMP,WH-Northstar-01,152,69,0,0,220,False,normal
2025-05-16,NSC-DESK-LAMP,WH-Northstar-01,76,76,0,0,220,False,normal
2025-05-17,NSC-DESK-LAMP,WH-Northstar-01,12,64,0,0,220,False,normal
2025-05-18,NSC-DESK-LAMP,WH-Northstar-01,0,73,0,0,220,False,normal
2025-05-19,NSC-DESK-LAMP,WH-Northstar-01,0,73,0,0,220,False,normal
2025-05-20,NSC-DESK-LAMP,WH-Northstar-01,0,77,0,0,220,False,normal
2025-05-21,NSC-DESK-LAMP,WH-Northstar-01,0,69,0,0,220,False,normal
2025-05-22,NSC-DESK-LAMP,WH-Northstar-01,0,62,0,0,220,False,normal
2025-05-23,NSC-DESK-LAMP,WH-Northstar-01,0,69,0,0,220,False,normal
2025-05-24,NSC-DESK-LAMP,WH-Northstar-01,0,58,0,0,220,False,normal
2025-05-25,NSC-DESK-LAMP,WH-Northstar-01,0,66,0,0,220,False,normal
2025-05-26,NSC-DESK-LAMP,WH-Northstar-01,0,57,0,0,220,False,normal
2025-05-27,NSC-DESK-LAMP,WH-Northstar-01,0,70,0,0,220,False,normal
2025-05-28,NSC-DESK-LAMP,WH-Northstar-01,733,78,811,0,220,False,normal
2025-05-29,NSC-DESK-LAMP,WH-Northstar-01,677,56,0,0,220,False,normal
2025-05-30,NSC-DESK-LAMP,WH-Northstar-01,605,72,0,0,220,False,normal
2025-05-31,NSC-DESK-LAMP,WH-Northstar-01,515,90,0,0,220,False,normal
2025-06-01,NSC-DESK-LAMP,WH-Northstar-01,450,65,0,0,220,False,normal
2025-06-02,NSC-DESK-LAMP,WH-Northstar-01,377,73,0,0,220,False,normal
2025-06-03,NSC-DESK-LAMP,WH-Northstar-01,298,79,0,0,220,False,normal
2025-06-04,NSC-DESK-LAMP,WH-Northstar-01,240,58,0,0,220,False,normal
2025-06-05,NSC-DESK-LAMP,WH-Northstar-01,168,72,0,0,220,False,normal
2025-06-06,NSC-DESK-LAMP,WH-Northstar-01,91,77,0,0,220,False,normal
2025-06-07,NSC-DESK-LAMP,WH-Northstar-01,24,67,0,0,220,False,normal
2025-06-08,NSC-DESK-LAMP,WH-Northstar-01,0,58,0,0,220,False,normal
2025-06-09,NSC-DESK-LAMP,WH-Northstar-01,0,80,0,0,220,False,normal
2025-06-10,NSC-DESK-LAMP,WH-Northstar-01,0,55,0,0,220,False,normal
2025-06-11,NSC-DESK-LAMP,WH-Northstar-01,0,51,0,0,220,False,normal
2025-06-12,NSC-DESK-LAMP,WH-Northstar-01,0,58,0,0,220,False,normal
2025-06-13,NSC-DESK-LAMP,WH-Northstar-01,0,66,0,0,220,False,normal
2025-06-14,NSC-DESK-LAMP,WH-Northstar-01,0,57,0,0,220,False,normal
2025-06-15,NSC-DESK-LAMP,WH-Northstar-01,0,60,0,0,220,False,normal
2025-06-16,NSC-DESK-LAMP,WH-Northstar-01,0,64,0,0,220,False,normal
2025-06-17,NSC-DESK-LAMP,WH-Northstar-01,0,80,0,0,220,False,normal
2025-06-18,NSC-DESK-LAMP,WH-Northstar-01,699,73,772,0,220,False,normal
2025-06-19,NSC-DESK-LAMP,WH-Northstar-01,616,83,0,0,220,False,normal
2025-06-20,NSC-DESK-LAMP,WH-Northstar-01,533,83,0,0,220,False,normal
2025-06-21,NSC-DESK-LAMP,WH-Northstar-01,471,62,0,0,220,False,normal
2025-06-22,NSC-DESK-LAMP,WH-Northstar-01,410,61,0,0,220,False,normal
2025-06-23,NSC-DESK-LAMP,WH-Northstar-01,346,64,0,0,220,False,normal
2025-06-24,NSC-DESK-LAMP,WH-Northstar-01,274,72,0,0,220,False,normal
2025-06-25,NSC-DESK-LAMP,WH-Northstar-01,193,81,0,0,220,False,normal
2025-06-26,NSC-DESK-LAMP,WH-Northstar-01,132,61,0,0,220,False,normal
2025-06-27,NSC-DESK-LAMP,WH-Northstar-01,63,69,0,0,220,False,normal
2025-06-28,NSC-DESK-LAMP,WH-Northstar-01,0,68,0,0,220,False,normal
2025-06-29,NSC-DESK-LAMP,WH-Northstar-01,0,81,0,0,220,False,normal
2025-06-30,NSC-DESK-LAMP,WH-Northstar-01,0,77,0,0,220,False,normal
2025-01-01,NSC-CARRY-ALL,WH-Northstar-01,2464,85,743,0,220,False,normal
2025-01-02,NSC-CARRY-ALL,WH-Northstar-01,2383,81,0,0,220,False,normal
2025-01-03,NSC-CARRY-ALL,WH-Northstar-01,2315,68,0,0,220,False,normal
2025-01-04,NSC-CARRY-ALL,WH-Northstar-01,2253,62,0,0,220,False,normal
2025-01-05,NSC-CARRY-ALL,WH-Northstar-01,2177,76,0,0,220,False,normal
2025-01-06,NSC-CARRY-ALL,WH-Northstar-01,2107,70,0,0,220,False,normal
2025-01-07,NSC-CARRY-ALL,WH-Northstar-01,2030,77,0,0,220,False,normal
2025-01-08,NSC-CARRY-ALL,WH-Northstar-01,1957,73,0,0,220,False,normal
2025-01-09,NSC-CARRY-ALL,WH-Northstar-01,1878,79,0,0,220,False,normal
2025-01-10,NSC-CARRY-ALL,WH-Northstar-01,1798,80,0,0,220,False,normal
2025-01-11,NSC-CARRY-ALL,WH-Northstar-01,1714,84,0,0,220,False,normal
2025-01-12,NSC-CARRY-ALL,WH-Northstar-01,1630,84,0,0,220,False,normal
2025-01-13,NSC-CARRY-ALL,WH-Northstar-01,1541,89,0,0,220,False,normal
2025-01-14,NSC-CARRY-ALL,WH-Northstar-01,1462,79,0,0,220,False,normal
2025-01-15,NSC-CARRY-ALL,WH-Northstar-01,1394,68,0,0,220,False,normal
2025-01-16,NSC-CARRY-ALL,WH-Northstar-01,1307,87,0,0,220,False,normal
2025-01-17,NSC-CARRY-ALL,WH-Northstar-01,1226,81,0,0,220,False,normal
2025-01-18,NSC-CARRY-ALL,WH-Northstar-01,1141,85,0,0,220,False,normal
2025-01-19,NSC-CARRY-ALL,WH-Northstar-01,1056,85,0,0,220,False,normal
2025-01-20,NSC-CARRY-ALL,WH-Northstar-01,980,76,0,0,220,False,normal
2025-01-21,NSC-CARRY-ALL,WH-Northstar-01,904,76,0,0,220,False,normal
2025-01-22,NSC-CARRY-ALL,WH-Northstar-01,1495,95,686,0,220,False,normal
2025-01-23,NSC-CARRY-ALL,WH-Northstar-01,1420,75,0,0,220,False,normal
2025-01-24,NSC-CARRY-ALL,WH-Northstar-01,1334,86,0,0,220,False,normal
2025-01-25,NSC-CARRY-ALL,WH-Northstar-01,1257,77,0,0,220,False,normal
2025-01-26,NSC-CARRY-ALL,WH-Northstar-01,1183,74,0,0,220,False,normal
2025-01-27,NSC-CARRY-ALL,WH-Northstar-01,1098,85,0,0,220,False,normal
2025-01-28,NSC-CARRY-ALL,WH-Northstar-01,1008,90,0,0,220,False,normal
2025-01-29,NSC-CARRY-ALL,WH-Northstar-01,928,80,0,0,220,False,normal
2025-01-30,NSC-CARRY-ALL,WH-Northstar-01,862,66,0,0,220,False,normal
2025-01-31,NSC-CARRY-ALL,WH-Northstar-01,783,79,0,0,220,False,normal
2025-02-01,NSC-CARRY-ALL,WH-Northstar-01,701,82,0,0,220,False,normal
2025-02-02,NSC-CARRY-ALL,WH-Northstar-01,631,70,0,0,220,False,normal
2025-02-03,NSC-CARRY-ALL,WH-Northstar-01,540,91,0,0,220,False,normal
2025-02-04,NSC-CARRY-ALL,WH-Northstar-01,457,83,0,0,220,False,normal
2025-02-05,NSC-CARRY-ALL,WH-Northstar-01,386,71,0,0,220,False,normal
2025-02-06,NSC-CARRY-ALL,WH-Northstar-01,303,83,0,0,220,False,normal
2025-02-07,NSC-CARRY-ALL,WH-Northstar-01,220,83,0,0,220,False,normal
2025-02-08,NSC-CARRY-ALL,WH-Northstar-01,147,73,0,0,220,False,normal
2025-02-09,NSC-CARRY-ALL,WH-Northstar-01,79,68,0,0,220,False,normal
2025-02-10,NSC-CARRY-ALL,WH-Northstar-01,3,76,0,0,220,False,normal
2025-02-11,NSC-CARRY-ALL,WH-Northstar-01,0,73,0,0,220,False,normal
2025-02-12,NSC-CARRY-ALL,WH-Northstar-01,663,81,744,0,220,False,normal
2025-02-13,NSC-CARRY-ALL,WH-Northstar-01,580,83,0,0,220,False,normal
2025-02-14,NSC-CARRY-ALL,WH-Northstar-01,500,80,0,0,220,False,normal
2025-02-15,NSC-CARRY-ALL,WH-Northstar-01,415,85,0,0,220,False,normal
2025-02-16,NSC-CARRY-ALL,WH-Northstar-01,332,83,0,0,220,False,normal
2025-02-17,NSC-CARRY-ALL,WH-Northstar-01,245,87,0,0,220,False,normal
2025-02-18,NSC-CARRY-ALL,WH-Northstar-01,174,71,0,0,220,False,normal
2025-02-19,NSC-CARRY-ALL,WH-Northstar-01,87,87,0,0,220,False,normal
2025-02-20,NSC-CARRY-ALL,WH-Northstar-01,0,94,0,0,220,False,normal
2025-02-21,NSC-CARRY-ALL,WH-Northstar-01,0,89,0,0,220,False,normal
2025-02-22,NSC-CARRY-ALL,WH-Northstar-01,0,66,0,0,220,False,normal
2025-02-23,NSC-CARRY-ALL,WH-Northstar-01,0,92,0,0,220,False,normal
2025-02-24,NSC-CARRY-ALL,WH-Northstar-01,0,85,0,0,220,False,normal
2025-02-25,NSC-CARRY-ALL,WH-Northstar-01,0,87,0,0,220,False,normal
2025-02-26,NSC-CARRY-ALL,WH-Northstar-01,0,72,0,0,220,False,normal
2025-02-27,NSC-CARRY-ALL,WH-Northstar-01,0,67,0,0,220,False,normal
2025-02-28,NSC-CARRY-ALL,WH-Northstar-01,0,91,0,0,220,False,normal
2025-03-01,NSC-CARRY-ALL,WH-Northstar-01,0,75,0,0,220,False,normal
2025-03-02,NSC-CARRY-ALL,WH-Northstar-01,0,72,0,0,220,False,normal
2025-03-03,NSC-CARRY-ALL,WH-Northstar-01,0,66,0,0,220,False,normal
2025-03-04,NSC-CARRY-ALL,WH-Northstar-01,0,64,0,0,220,False,normal
2025-03-05,NSC-CARRY-ALL,WH-Northstar-01,731,79,810,0,220,False,normal
2025-03-06,NSC-CARRY-ALL,WH-Northstar-01,650,81,0,0,220,False,normal
2025-03-07,NSC-CARRY-ALL,WH-Northstar-01,573,77,0,0,220,False,normal
2025-03-08,NSC-CARRY-ALL,WH-Northstar-01,484,89,0,0,220,False,normal
2025-03-09,NSC-CARRY-ALL,WH-Northstar-01,393,91,0,0,220,False,normal
2025-03-10,NSC-CARRY-ALL,WH-Northstar-01,322,71,0,0,220,False,normal
2025-03-11,NSC-CARRY-ALL,WH-Northstar-01,242,80,0,0,220,False,normal
2025-03-12,NSC-CARRY-ALL,WH-Northstar-01,162,80,0,0,220,False,normal
2025-03-13,NSC-CARRY-ALL,WH-Northstar-01,86,76,0,0,220,False,normal
2025-03-14,NSC-CARRY-ALL,WH-Northstar-01,4,82,0,0,220,False,normal
2025-03-15,NSC-CARRY-ALL,WH-Northstar-01,0,90,0,0,220,False,normal
2025-03-16,NSC-CARRY-ALL,WH-Northstar-01,0,62,0,0,220,False,normal
2025-03-17,NSC-CARRY-ALL,WH-Northstar-01,0,80,0,0,220,False,normal
2025-03-18,NSC-CARRY-ALL,WH-Northstar-01,0,80,0,0,220,False,normal
2025-03-19,NSC-CARRY-ALL,WH-Northstar-01,0,77,0,0,220,False,normal
2025-03-20,NSC-CARRY-ALL,WH-Northstar-01,0,85,0,0,220,False,normal
2025-03-21,NSC-CARRY-ALL,WH-Northstar-01,0,76,0,0,220,False,normal
2025-03-22,NSC-CARRY-ALL,WH-Northstar-01,0,73,0,0,220,False,normal
2025-03-23,NSC-CARRY-ALL,WH-Northstar-01,0,85,0,0,220,False,normal
2025-03-24,NSC-CARRY-ALL,WH-Northstar-01,0,68,0,0,220,False,normal
2025-03-25,NSC-CARRY-ALL,WH-Northstar-01,0,73,0,0,220,False,normal
2025-03-26,NSC-CARRY-ALL,WH-Northstar-01,781,72,853,0,220,False,normal
2025-03-27,NSC-CARRY-ALL,WH-Northstar-01,701,80,0,0,220,False,normal
2025-03-28,NSC-CARRY-ALL,WH-Northstar-01,634,67,0,0,220,False,normal
2025-03-29,NSC-CARRY-ALL,WH-Northstar-01,553,81,0,0,220,False,normal
2025-03-30,NSC-CARRY-ALL,WH-Northstar-01,484,69,0,0,220,False,normal
2025-03-31,NSC-CARRY-ALL,WH-Northstar-01,403,81,0,0,220,False,normal
2025-04-01,NSC-CARRY-ALL,WH-Northstar-01,335,68,0,0,220,False,normal
2025-04-02,NSC-CARRY-ALL,WH-Northstar-01,269,66,0,0,220,False,normal
2025-04-03,NSC-CARRY-ALL,WH-Northstar-01,185,84,0,0,220,False,normal
2025-04-04,NSC-CARRY-ALL,WH-Northstar-01,112,73,0,0,220,False,normal
2025-04-05,NSC-CARRY-ALL,WH-Northstar-01,23,89,0,0,220,False,normal
2025-04-06,NSC-CARRY-ALL,WH-Northstar-01,0,61,0,0,220,False,normal
2025-04-07,NSC-CARRY-ALL,WH-Northstar-01,0,83,0,0,220,False,normal
2025-04-08,NSC-CARRY-ALL,WH-Northstar-01,0,75,0,0,220,False,normal
2025-04-09,NSC-CARRY-ALL,WH-Northstar-01,0,84,0,0,220,False,normal
2025-04-10,NSC-CARRY-ALL,WH-Northstar-01,0,75,0,0,220,False,normal
2025-04-11,NSC-CARRY-ALL,WH-Northstar-01,0,83,0,0,220,False,normal
2025-04-12,NSC-CARRY-ALL,WH-Northstar-01,0,76,0,0,220,False,normal
2025-04-13,NSC-CARRY-ALL,WH-Northstar-01,0,79,0,0,220,False,normal
2025-04-14,NSC-CARRY-ALL,WH-Northstar-01,0,89,0,0,220,False,normal
2025-04-15,NSC-CARRY-ALL,WH-Northstar-01,0,79,0,0,220,False,normal
2025-04-16,NSC-CARRY-ALL,WH-Northstar-01,634,73,707,0,220,False,normal
2025-04-17,NSC-CARRY-ALL,WH-Northstar-01,552,82,0,0,220,False,normal
2025-04-18,NSC-CARRY-ALL,WH-Northstar-01,465,87,0,0,220,False,normal
2025-04-19,NSC-CARRY-ALL,WH-Northstar-01,381,84,0,0,220,False,normal
2025-04-20,NSC-CARRY-ALL,WH-Northstar-01,289,92,0,0,220,False,normal
2025-04-21,NSC-CARRY-ALL,WH-Northstar-01,208,81,0,0,220,False,normal
2025-04-22,NSC-CARRY-ALL,WH-Northstar-01,134,74,0,0,220,False,normal
2025-04-23,NSC-CARRY-ALL,WH-Northstar-01,45,89,0,0,220,False,normal
2025-04-24,NSC-CARRY-ALL,WH-Northstar-01,0,68,0,0,220,False,normal
2025-04-25,NSC-CARRY-ALL,WH-Northstar-01,0,72,0,0,220,False,normal
2025-04-26,NSC-CARRY-ALL,WH-Northstar-01,0,79,0,0,220,False,normal
2025-04-27,NSC-CARRY-ALL,WH-Northstar-01,0,70,0,0,220,False,normal
2025-04-28,NSC-CARRY-ALL,WH-Northstar-01,0,83,0,0,220,False,normal
2025-04-29,NSC-CARRY-ALL,WH-Northstar-01,0,75,0,0,220,False,normal
2025-04-30,NSC-CARRY-ALL,WH-Northstar-01,0,87,0,0,220,False,normal
2025-05-01,NSC-CARRY-ALL,WH-Northstar-01,0,82,0,0,220,False,normal
2025-05-02,NSC-CARRY-ALL,WH-Northstar-01,0,94,0,0,220,False,normal
2025-05-03,NSC-CARRY-ALL,WH-Northstar-01,0,64,0,0,220,False,normal
2025-05-04,NSC-CARRY-ALL,WH-Northstar-01,0,82,0,0,220,False,normal
2025-05-05,NSC-CARRY-ALL,WH-Northstar-01,0,80,0,0,220,False,normal
2025-05-06,NSC-CARRY-ALL,WH-Northstar-01,0,79,0,0,220,False,normal
2025-05-07,NSC-CARRY-ALL,WH-Northstar-01,702,75,777,0,220,False,normal
2025-05-08,NSC-CARRY-ALL,WH-Northstar-01,639,63,0,0,220,False,normal
2025-05-09,NSC-CARRY-ALL,WH-Northstar-01,577,62,0,0,220,False,normal
2025-05-10,NSC-CARRY-ALL,WH-Northstar-01,505,72,0,0,220,False,normal
2025-05-11,NSC-CARRY-ALL,WH-Northstar-01,443,62,0,0,220,False,normal
2025-05-12,NSC-CARRY-ALL,WH-Northstar-01,361,82,0,0,220,False,normal
2025-05-13,NSC-CARRY-ALL,WH-Northstar-01,291,70,0,0,220,False,normal
2025-05-14,NSC-CARRY-ALL,WH-Northstar-01,213,78,0,0,220,False,normal
2025-05-15,NSC-CARRY-ALL,WH-Northstar-01,132,81,0,0,220,False,normal
2025-05-16,NSC-CARRY-ALL,WH-Northstar-01,55,77,0,0,220,False,normal
2025-05-17,NSC-CARRY-ALL,WH-Northstar-01,0,84,0,0,220,False,normal
2025-05-18,NSC-CARRY-ALL,WH-Northstar-01,0,75,0,0,220,False,normal
2025-05-19,NSC-CARRY-ALL,WH-Northstar-01,0,78,0,0,220,False,normal
2025-05-20,NSC-CARRY-ALL,WH-Northstar-01,0,74,0,0,220,False,normal
2025-05-21,NSC-CARRY-ALL,WH-Northstar-01,0,86,0,0,220,False,normal
2025-05-22,NSC-CARRY-ALL,WH-Northstar-01,0,68,0,0,220,False,normal
2025-05-23,NSC-CARRY-ALL,WH-Northstar-01,0,81,0,0,220,False,normal
2025-05-24,NSC-CARRY-ALL,WH-Northstar-01,0,91,0,0,220,False,normal
2025-05-25,NSC-CARRY-ALL,WH-Northstar-01,0,82,0,0,220,False,normal
2025-05-26,NSC-CARRY-ALL,WH-Northstar-01,0,73,0,0,220,False,normal
2025-05-27,NSC-CARRY-ALL,WH-Northstar-01,0,81,0,0,220,False,normal
2025-05-28,NSC-CARRY-ALL,WH-Northstar-01,745,73,818,0,220,False,normal
2025-05-29,NSC-CARRY-ALL,WH-Northstar-01,663,82,0,0,220,False,normal
2025-05-30,NSC-CARRY-ALL,WH-Northstar-01,583,80,0,0,220,False,normal
2025-05-31,NSC-CARRY-ALL,WH-Northstar-01,493,90,0,0,220,False,normal
2025-06-01,NSC-CARRY-ALL,WH-Northstar-01,414,79,0,0,220,False,normal
2025-06-02,NSC-CARRY-ALL,WH-Northstar-01,347,67,0,0,220,False,normal
2025-06-03,NSC-CARRY-ALL,WH-Northstar-01,268,79,0,0,220,False,normal
2025-06-04,NSC-CARRY-ALL,WH-Northstar-01,192,76,0,0,220,False,normal
2025-06-05,NSC-CARRY-ALL,WH-Northstar-01,114,78,0,0,220,False,normal
2025-06-06,NSC-CARRY-ALL,WH-Northstar-01,32,82,0,0,220,False,normal
2025-06-07,NSC-CARRY-ALL,WH-Northstar-01,0,84,0,0,220,False,normal
2025-06-08,NSC-CARRY-ALL,WH-Northstar-01,0,70,0,0,220,False,normal
2025-06-09,NSC-CARRY-ALL,WH-Northstar-01,0,78,0,0,220,False,normal
2025-06-10,NSC-CARRY-ALL,WH-Northstar-01,0,77,0,0,220,False,normal
2025-06-11,NSC-CARRY-ALL,WH-Northstar-01,0,80,0,0,220,False,normal
2025-06-12,NSC-CARRY-ALL,WH-Northstar-01,0,82,0,0,220,False,normal
2025-06-13,NSC-CARRY-ALL,WH-Northstar-01,0,78,0,0,220,False,normal
2025-06-14,NSC-CARRY-ALL,WH-Northstar-01,0,69,0,0,220,False,normal
2025-06-15,NSC-CARRY-ALL,WH-Northstar-01,0,78,0,0,220,False,normal
2025-06-16,NSC-CARRY-ALL,WH-Northstar-01,0,88,0,0,220,False,normal
2025-06-17,NSC-CARRY-ALL,WH-Northstar-01,0,69,0,0,220,False,normal
2025-06-18,NSC-CARRY-ALL,WH-Northstar-01,576,89,665,0,220,False,normal
2025-06-19,NSC-CARRY-ALL,WH-Northstar-01,496,80,0,0,220,False,normal
2025-06-20,NSC-CARRY-ALL,WH-Northstar-01,423,73,0,0,220,False,normal
2025-06-21,NSC-CARRY-ALL,WH-Northstar-01,345,78,0,0,220,False,normal
2025-06-22,NSC-CARRY-ALL,WH-Northstar-01,261,84,0,0,220,False,normal
2025-06-23,NSC-CARRY-ALL,WH-Northstar-01,175,86,0,0,220,False,normal
2025-06-24,NSC-CARRY-ALL,WH-Northstar-01,87,88,0,0,220,False,normal
2025-06-25,NSC-CARRY-ALL,WH-Northstar-01,21,66,0,0,220,False,normal
2025-06-26,NSC-CARRY-ALL,WH-Northstar-01,0,71,0,0,220,False,normal
2025-06-27,NSC-CARRY-ALL,WH-Northstar-01,0,74,0,0,220,False,normal
2025-06-28,NSC-CARRY-ALL,WH-Northstar-01,0,72,0,0,220,False,normal
2025-06-29,NSC-CARRY-ALL,WH-Northstar-01,0,82,0,0,220,False,normal
2025-06-30,NSC-CARRY-ALL,WH-Northstar-01,0,85,0,0,220,False,normal
